id,image_path,interface_burden,group,zone
00028c93df13,images/00028c93df13.jpg,48.139103,150,3
000469a85ab1,images/000469a85ab1.jpg,47.78352,268,2
0007ace41027,images/0007ace41027.jpg,46.889527,137,2
00120050cddf,images/00120050cddf.jpg,47.91948,266,2
001ea8d69641,images/001ea8d69641.jpg,50.795155,255,3
004eec7c59ba,images/004eec7c59ba.jpg,4.0,218,0
006872f62513,images/006872f62513.jpg,65.445156,247,3
00891e27de0d,images/00891e27de0d.jpg,47.283467,243,2
00b440a8ccf1,images/00b440a8ccf1.jpg,60.559468,115,3
00b883107009,images/00b883107009.jpg,48.086044,154,3
00cacb7fbf19,images/00cacb7fbf19.jpg,61.655076,178,3
00cb62a5370f,images/00cb62a5370f.jpg,66.16535,270,3
00d8176ab01b,images/00d8176ab01b.jpg,58.849708,10,3
00ea483e8ba5,images/00ea483e8ba5.jpg,61.692695,258,3
00fdf083264d,images/00fdf083264d.jpg,50.041667,13,3
010188719e2c,images/010188719e2c.jpg,48.459726,182,3
0104e0ba3f61,images/0104e0ba3f61.jpg,4.0,269,0
0112e7b42f5c,images/0112e7b42f5c.jpg,4.0,10,0
01207f8e3f9c,images/01207f8e3f9c.jpg,47.283467,243,2
0121b5c57eb2,images/0121b5c57eb2.jpg,30.250625,246,1
0147b711cfc0,images/0147b711cfc0.jpg,47.78352,268,2
0151b61501aa,images/0151b61501aa.jpg,45.401358,148,2
017f59d249a0,images/017f59d249a0.jpg,46.954857,10,2
019a4542ec08,images/019a4542ec08.jpg,4.0,189,0
01a9f64d02fb,images/01a9f64d02fb.jpg,47.772354,170,2
01bcce512343,images/01bcce512343.jpg,28.0,260,1
01bf4a8aa627,images/01bf4a8aa627.jpg,27.245549,271,1
01c6d463f881,images/01c6d463f881.jpg,25.832329,260,1
01d1372bbb28,images/01d1372bbb28.jpg,65.445156,247,3
01e52ef64cd7,images/01e52ef64cd7.jpg,46.006276,265,2
01fdf290b671,images/01fdf290b671.jpg,44.126016,261,2
020a6ca5420a,images/020a6ca5420a.jpg,47.78352,268,2
020e834e3ae2,images/020e834e3ae2.jpg,61.692695,258,3
02206a76f92a,images/02206a76f92a.jpg,46.85112,248,2
0224e83d4b58,images/0224e83d4b58.jpg,4.0,71,0
0225857207cf,images/0225857207cf.jpg,50.142773,188,3
0236f3b59966,images/0236f3b59966.jpg,65.445156,247,3
025775368a70,images/025775368a70.jpg,61.692695,258,3
02801e3beec7,images/02801e3beec7.jpg,44.126016,261,2
028f3c279361,images/028f3c279361.jpg,50.795155,255,3
0292c1806221,images/0292c1806221.jpg,47.772354,170,2
029de596bdc1,images/029de596bdc1.jpg,47.731673,195,2
02a7875f915f,images/02a7875f915f.jpg,32.163341,267,1
02aebc181e64,images/02aebc181e64.jpg,47.184219,243,2
02c1bd87d73c,images/02c1bd87d73c.jpg,47.772354,170,2
02c2d91789a2,images/02c2d91789a2.jpg,61.981287,132,3
03017ec6687d,images/03017ec6687d.jpg,50.795155,255,3
0307c551a60a,images/0307c551a60a.jpg,0.0,68,0
030c2b54be6b,images/030c2b54be6b.jpg,4.0,10,0
03110100b90f,images/03110100b90f.jpg,52.592831,248,3
0325447ee424,images/0325447ee424.jpg,61.692695,258,3
032ced7e79ef,images/032ced7e79ef.jpg,48.029351,150,3
032ffbcb2cab,images/032ffbcb2cab.jpg,46.172883,265,2
03314c385e0a,images/03314c385e0a.jpg,61.692695,258,3
034411c84784,images/034411c84784.jpg,4.0,228,0
034b25df0085,images/034b25df0085.jpg,47.747842,213,2
035b2afb31a0,images/035b2afb31a0.jpg,27.246714,232,1
0372fb36332d,images/0372fb36332d.jpg,47.293422,10,2
0392f8ad536b,images/0392f8ad536b.jpg,32.163341,267,1
039f1a2d20a1,images/039f1a2d20a1.jpg,4.0,248,0
03a7ba893233,images/03a7ba893233.jpg,0.0,118,0
03af4b669103,images/03af4b669103.jpg,47.823675,172,2
03bbe8b1a4d3,images/03bbe8b1a4d3.jpg,47.846504,262,2
03d6d8677221,images/03d6d8677221.jpg,31.404094,267,1
03e1ef94457e,images/03e1ef94457e.jpg,58.988917,216,3
03fc24e049ae,images/03fc24e049ae.jpg,45.720766,10,2
040495213254,images/040495213254.jpg,53.208938,242,3
041b109d401a,images/041b109d401a.jpg,47.756154,257,2
04229511989a,images/04229511989a.jpg,4.0,10,0
043ba25ca426,images/043ba25ca426.jpg,50.142773,188,3
04534998e19e,images/04534998e19e.jpg,4.0,251,0
045d09ec3819,images/045d09ec3819.jpg,47.91948,266,2
046671f774ed,images/046671f774ed.jpg,4.0,228,0
0469f0e53b0c,images/0469f0e53b0c.jpg,4.0,10,0
047156a4c905,images/047156a4c905.jpg,47.78352,268,2
0474b2c39317,images/0474b2c39317.jpg,30.250625,246,1
047e00102e98,images/047e00102e98.jpg,61.692695,258,3
048565ac1b1a,images/048565ac1b1a.jpg,32.979939,253,1
0485a236f155,images/0485a236f155.jpg,65.445156,247,3
04863c9ffdf1,images/04863c9ffdf1.jpg,66.827561,254,3
048d293341db,images/048d293341db.jpg,47.788986,235,2
04c0c6276b4a,images/04c0c6276b4a.jpg,27.245549,271,1
04d205a19a23,images/04d205a19a23.jpg,4.0,0,0
04d3e535a1e5,images/04d3e535a1e5.jpg,4.0,218,0
04e3435437d7,images/04e3435437d7.jpg,61.692695,258,3
05025c172ebf,images/05025c172ebf.jpg,4.0,152,0
05051fcc1d72,images/05051fcc1d72.jpg,44.924355,10,2
050fd35d37e4,images/050fd35d37e4.jpg,50.795155,255,3
051a611b1f16,images/051a611b1f16.jpg,50.433723,264,3
052affb1da6a,images/052affb1da6a.jpg,57.799638,216,3
0537f24d5627,images/0537f24d5627.jpg,31.404094,267,1
053e38cc727e,images/053e38cc727e.jpg,46.006276,265,2
054066d8f399,images/054066d8f399.jpg,28.0,260,1
0547f0d09ec4,images/0547f0d09ec4.jpg,32.163341,267,1
055b008dabf1,images/055b008dabf1.jpg,49.610923,264,3
055f1a5a34bd,images/055f1a5a34bd.jpg,31.404094,267,1
0573e6c0eace,images/0573e6c0eace.jpg,4.0,251,0
0575bdff77a9,images/0575bdff77a9.jpg,32.163341,267,1
05929b9fa502,images/05929b9fa502.jpg,4.0,160,0
05a61b9806dc,images/05a61b9806dc.jpg,61.692695,258,3
05bcc3e24e1f,images/05bcc3e24e1f.jpg,61.679352,241,3
05c6ca3ca749,images/05c6ca3ca749.jpg,0.0,25,0
05cfc3fd3f81,images/05cfc3fd3f81.jpg,50.795155,255,3
05e42ddfeb9e,images/05e42ddfeb9e.jpg,61.692695,258,3
060a117a1c48,images/060a117a1c48.jpg,47.952342,239,2
060adfba9746,images/060adfba9746.jpg,61.748616,224,3
061fe88509e5,images/061fe88509e5.jpg,4.0,107,0
063aaca26eb5,images/063aaca26eb5.jpg,42.783389,10,2
0652526845e3,images/0652526845e3.jpg,46.591223,137,2
065f5881c623,images/065f5881c623.jpg,41.776567,262,2
067dcca7dcaf,images/067dcca7dcaf.jpg,4.0,107,0
06872fe002f1,images/06872fe002f1.jpg,41.776567,262,2
06905276ba5c,images/06905276ba5c.jpg,4.0,218,0
069d9721c0d8,images/069d9721c0d8.jpg,28.0,260,1
06a0a5a6cba1,images/06a0a5a6cba1.jpg,4.0,10,0
06a289f7699e,images/06a289f7699e.jpg,48.029351,150,3
06a8dc9723e8,images/06a8dc9723e8.jpg,47.184219,243,2
06c9c26cad25,images/06c9c26cad25.jpg,28.0,260,1
06dad75186f8,images/06dad75186f8.jpg,0.0,1,0
06ec3630f8bc,images/06ec3630f8bc.jpg,4.0,139,0
06f66840f87b,images/06f66840f87b.jpg,48.459726,182,3
070a1a5155d6,images/070a1a5155d6.jpg,50.795155,255,3
070d12005493,images/070d12005493.jpg,61.108222,132,3
0714444749bd,images/0714444749bd.jpg,32.163341,267,1
0723e3c76db8,images/0723e3c76db8.jpg,47.78352,268,2
0732ca7a5cc3,images/0732ca7a5cc3.jpg,60.847692,245,3
0744997c6712,images/0744997c6712.jpg,32.979939,253,1
0747f05271a9,images/0747f05271a9.jpg,47.895442,233,2
07c13197daaf,images/07c13197daaf.jpg,50.795155,255,3
07c3b7e09ed4,images/07c3b7e09ed4.jpg,50.433723,264,3
07c8bf9d3104,images/07c8bf9d3104.jpg,32.163341,267,1
07da6f0bf300,images/07da6f0bf300.jpg,42.800832,134,2
0806f509053c,images/0806f509053c.jpg,48.871982,2,3
080b45d98395,images/080b45d98395.jpg,4.0,252,0
08137cc619ce,images/08137cc619ce.jpg,47.895442,233,2
082c8c4b89c6,images/082c8c4b89c6.jpg,28.0,10,1
084bd576c143,images/084bd576c143.jpg,47.184219,243,2
0855055f1023,images/0855055f1023.jpg,50.300215,13,3
08570c2386c1,images/08570c2386c1.jpg,50.588779,99,3
0860d9ced3cb,images/0860d9ced3cb.jpg,53.181455,242,3
086432acd296,images/086432acd296.jpg,0.0,118,0
08883923c38f,images/08883923c38f.jpg,50.433723,264,3
088b1f55b660,images/088b1f55b660.jpg,47.283467,243,2
08a3b5678a2a,images/08a3b5678a2a.jpg,47.895442,233,2
08ca78f3c430,images/08ca78f3c430.jpg,31.404094,267,1
08cd42408fc1,images/08cd42408fc1.jpg,30.524665,10,1
08d7ba4a30a4,images/08d7ba4a30a4.jpg,33.219347,241,1
08d8c9b5fa3a,images/08d8c9b5fa3a.jpg,46.354813,220,2
08e41330da56,images/08e41330da56.jpg,61.692695,258,3
08e4576a522a,images/08e4576a522a.jpg,61.692695,258,3
08e6907a8de6,images/08e6907a8de6.jpg,42.800832,134,2
08fdb1f0ab1e,images/08fdb1f0ab1e.jpg,61.692695,258,3
08fe43cf78df,images/08fe43cf78df.jpg,50.300215,13,3
090152cd3f5e,images/090152cd3f5e.jpg,66.177195,270,3
09031b39af90,images/09031b39af90.jpg,48.029351,150,3
094c1d184ea5,images/094c1d184ea5.jpg,46.032009,256,2
095d749f5aa0,images/095d749f5aa0.jpg,49.610923,264,3
096a81942b35,images/096a81942b35.jpg,4.0,130,0
099e9dc78e7b,images/099e9dc78e7b.jpg,46.006276,265,2
09a1aa708377,images/09a1aa708377.jpg,47.788986,235,2
09a1d5d76bd7,images/09a1d5d76bd7.jpg,44.126016,261,2
09b89fa0bb5e,images/09b89fa0bb5e.jpg,50.433723,264,3
09ba8857e7ba,images/09ba8857e7ba.jpg,4.0,3,0
09bbcb9c925e,images/09bbcb9c925e.jpg,48.194579,230,3
09c162b85947,images/09c162b85947.jpg,27.245549,271,1
09d6a2cdbd3e,images/09d6a2cdbd3e.jpg,41.776567,262,2
09d94d4f5472,images/09d94d4f5472.jpg,61.692695,258,3
09eae45a7195,images/09eae45a7195.jpg,52.949495,254,3
0a115eaeaf17,images/0a115eaeaf17.jpg,61.692695,258,3
0a11645e3d97,images/0a11645e3d97.jpg,27.246714,232,1
0a1cd5d73559,images/0a1cd5d73559.jpg,45.401358,148,2
0a48a79d6a6b,images/0a48a79d6a6b.jpg,33.219347,241,1
0a5e4f220f57,images/0a5e4f220f57.jpg,32.163341,267,1
0aae69fdd598,images/0aae69fdd598.jpg,4.0,174,0
0ac6ac01bc8c,images/0ac6ac01bc8c.jpg,58.988917,216,3
0acf101f69c9,images/0acf101f69c9.jpg,48.029351,150,3
0af54e333fde,images/0af54e333fde.jpg,4.0,248,0
0b00d7f1e0fd,images/0b00d7f1e0fd.jpg,49.258997,47,3
0b0b6089d147,images/0b0b6089d147.jpg,47.895442,233,2
0b0cd0abaf76,images/0b0cd0abaf76.jpg,27.245549,271,1
0b2133df8a49,images/0b2133df8a49.jpg,46.091598,250,2
0b25f51a22f5,images/0b25f51a22f5.jpg,4.0,251,0
0b2e8644c779,images/0b2e8644c779.jpg,4.0,252,0
0b5acc67d46c,images/0b5acc67d46c.jpg,40.842922,10,2
0b6150edb9ae,images/0b6150edb9ae.jpg,4.0,269,0
0b6a6e4c3011,images/0b6a6e4c3011.jpg,47.642216,202,2
0b7593afa98b,images/0b7593afa98b.jpg,47.184219,243,2
0b81483dbfaa,images/0b81483dbfaa.jpg,0.0,83,0
0b961a32038e,images/0b961a32038e.jpg,49.610923,264,3
0b9d2e4b6001,images/0b9d2e4b6001.jpg,46.968348,243,2
0ba3bdedd9f4,images/0ba3bdedd9f4.jpg,31.404094,267,1
0ba6698bddca,images/0ba6698bddca.jpg,27.245549,271,1
0bb59a2c6734,images/0bb59a2c6734.jpg,47.184219,243,2
0bb9a839388c,images/0bb9a839388c.jpg,4.0,218,0
0bc3e16008a2,images/0bc3e16008a2.jpg,59.014794,203,3
0bca6a0482e7,images/0bca6a0482e7.jpg,4.0,10,0
0bd0f22b03c0,images/0bd0f22b03c0.jpg,32.163341,267,1
0bd288015daa,images/0bd288015daa.jpg,50.795155,255,3
0bd88ea6532a,images/0bd88ea6532a.jpg,4.0,206,0
0be0ff6345ae,images/0be0ff6345ae.jpg,28.0,10,1
0bfce0cd741d,images/0bfce0cd741d.jpg,61.692695,258,3
0c0722165192,images/0c0722165192.jpg,50.300215,13,3
0c1895b3d798,images/0c1895b3d798.jpg,53.723401,172,3
0c66519e1628,images/0c66519e1628.jpg,61.692695,258,3
0c717130d361,images/0c717130d361.jpg,4.0,269,0
0c79506e027c,images/0c79506e027c.jpg,48.029351,150,3
0c8362608f88,images/0c8362608f88.jpg,50.142773,188,3
0c886bdc5c1e,images/0c886bdc5c1e.jpg,48.173448,137,3
0c9caa55a851,images/0c9caa55a851.jpg,65.445156,247,3
0cd6f111721c,images/0cd6f111721c.jpg,61.599305,132,3
0ce6f203f878,images/0ce6f203f878.jpg,28.0,260,1
0cfcf7254f57,images/0cfcf7254f57.jpg,4.0,269,0
0d0dc078d543,images/0d0dc078d543.jpg,53.665256,34,3
0d0e6053c4e5,images/0d0e6053c4e5.jpg,4.0,209,0
0d1256ec5dc0,images/0d1256ec5dc0.jpg,61.601185,192,3
0d2616292303,images/0d2616292303.jpg,61.692695,258,3
0d2c2436c6f8,images/0d2c2436c6f8.jpg,61.692695,258,3
0d3535182ce5,images/0d3535182ce5.jpg,47.78352,268,2
0d38b3580d65,images/0d38b3580d65.jpg,61.692695,258,3
0d3a5591ae87,images/0d3a5591ae87.jpg,25.985417,260,1
0d4695f3d6a8,images/0d4695f3d6a8.jpg,47.788986,235,2
0d53b2535607,images/0d53b2535607.jpg,61.692695,258,3
0d581a4ecb59,images/0d581a4ecb59.jpg,4.0,249,0
0d594322dbf0,images/0d594322dbf0.jpg,47.78352,268,2
0d5c77bffde0,images/0d5c77bffde0.jpg,40.934892,10,2
0d7a4d70c57d,images/0d7a4d70c57d.jpg,4.0,48,0
0d7d5a562781,images/0d7d5a562781.jpg,50.795155,255,3
0d7df071c52b,images/0d7df071c52b.jpg,52.949495,254,3
0da59f103d7e,images/0da59f103d7e.jpg,48.446582,212,3
0da77b7116b4,images/0da77b7116b4.jpg,28.0,88,1
0dd8821d454e,images/0dd8821d454e.jpg,31.404094,267,1
0df0eb66b2f8,images/0df0eb66b2f8.jpg,41.776567,262,2
0df593f19d22,images/0df593f19d22.jpg,48.029351,150,3
0e11660bb3f7,images/0e11660bb3f7.jpg,46.353476,250,2
0e1d01d96ae5,images/0e1d01d96ae5.jpg,50.433723,264,3
0e25a7614359,images/0e25a7614359.jpg,4.0,252,0
0e3c0a406d19,images/0e3c0a406d19.jpg,47.283467,243,2
0e40bb3d33cb,images/0e40bb3d33cb.jpg,30.250625,246,1
0e4702ee7fbf,images/0e4702ee7fbf.jpg,4.0,269,0
0e4d7b0e4d6e,images/0e4d7b0e4d6e.jpg,61.748616,224,3
0e5e15732f66,images/0e5e15732f66.jpg,61.692695,258,3
0e5e9c419e72,images/0e5e9c419e72.jpg,65.445156,247,3
0e76511213ed,images/0e76511213ed.jpg,48.029351,150,3
0e8120ae2d23,images/0e8120ae2d23.jpg,47.756154,257,2
0e8a3f44d5a4,images/0e8a3f44d5a4.jpg,47.895442,233,2
0e92c17760a5,images/0e92c17760a5.jpg,50.795155,255,3
0ea406c5707d,images/0ea406c5707d.jpg,61.692695,258,3
0ebe9ae52770,images/0ebe9ae52770.jpg,47.952342,239,2
0ec599e89e40,images/0ec599e89e40.jpg,58.988917,216,3
0edf6b4641d8,images/0edf6b4641d8.jpg,48.029351,150,3
0ee42ef9033b,images/0ee42ef9033b.jpg,4.0,10,0
0ee993cdfd6f,images/0ee993cdfd6f.jpg,41.776567,262,2
0eee7b92794d,images/0eee7b92794d.jpg,47.756154,257,2
0ef6198d9d48,images/0ef6198d9d48.jpg,47.895442,233,2
0f0ac7a52c0d,images/0f0ac7a52c0d.jpg,61.748616,224,3
0f38fb6a05b7,images/0f38fb6a05b7.jpg,48.459726,182,3
0f3dbf676c3c,images/0f3dbf676c3c.jpg,53.208938,242,3
0f4105b7ab1a,images/0f4105b7ab1a.jpg,46.743843,248,2
0fa7f0872bdc,images/0fa7f0872bdc.jpg,27.245549,271,1
0fbeaedea7c3,images/0fbeaedea7c3.jpg,4.0,252,0
0fcc5d044911,images/0fcc5d044911.jpg,60.847692,245,3
0fdbc1d4c063,images/0fdbc1d4c063.jpg,47.184219,243,2
0feb748a27ca,images/0feb748a27ca.jpg,65.445156,247,3
1004e903bcdf,images/1004e903bcdf.jpg,47.78352,268,2
1013b4d1d9aa,images/1013b4d1d9aa.jpg,29.951648,10,1
1017a9cf1b36,images/1017a9cf1b36.jpg,4.0,269,0
101cf5427cbb,images/101cf5427cbb.jpg,59.473696,10,3
102374f78da5,images/102374f78da5.jpg,29.922335,10,1
10379953f363,images/10379953f363.jpg,0.0,83,0
1037cf52b259,images/1037cf52b259.jpg,59.014794,203,3
105451f7e458,images/105451f7e458.jpg,30.250625,246,1
10681f87a3d9,images/10681f87a3d9.jpg,32.979939,253,1
1068827a6f9e,images/1068827a6f9e.jpg,52.949495,254,3
106c288c2b9d,images/106c288c2b9d.jpg,27.245549,271,1
108829c1673d,images/108829c1673d.jpg,61.748616,224,3
10b3ac12d374,images/10b3ac12d374.jpg,41.776567,262,2
10b426d70d6a,images/10b426d70d6a.jpg,28.0,10,1
10b917846807,images/10b917846807.jpg,44.126016,261,2
10c646468488,images/10c646468488.jpg,29.612287,4,1
10da6fdf681e,images/10da6fdf681e.jpg,46.470252,137,2
10e07dab823a,images/10e07dab823a.jpg,53.208938,242,3
10fc3f2d4453,images/10fc3f2d4453.jpg,53.843117,182,3
1118ee45d878,images/1118ee45d878.jpg,50.795155,255,3
1121591622b5,images/1121591622b5.jpg,27.245549,271,1
1124e10435f0,images/1124e10435f0.jpg,28.0,260,1
11275180ca74,images/11275180ca74.jpg,53.571075,235,3
1128aa154f33,images/1128aa154f33.jpg,4.0,218,0
11438c600bb3,images/11438c600bb3.jpg,40.857546,61,2
114780d03926,images/114780d03926.jpg,4.0,5,0
1147dcaa693d,images/1147dcaa693d.jpg,28.0,260,1
114ad22220a8,images/114ad22220a8.jpg,66.827561,254,3
114dae15ca95,images/114dae15ca95.jpg,46.502897,10,2
1163f9d6f575,images/1163f9d6f575.jpg,4.0,227,0
11766cfce5c2,images/11766cfce5c2.jpg,50.142773,188,3
117d8e57ae24,images/117d8e57ae24.jpg,40.870884,137,2
117f660d13df,images/117f660d13df.jpg,27.245549,271,1
1191a02be93e,images/1191a02be93e.jpg,46.395266,265,2
119d884a2cb1,images/119d884a2cb1.jpg,4.0,234,0
11af2377099b,images/11af2377099b.jpg,44.126016,261,2
11d764a46f64,images/11d764a46f64.jpg,50.795155,255,3
11fe99512202,images/11fe99512202.jpg,32.163341,267,1
121f555b6744,images/121f555b6744.jpg,61.692695,258,3
122c0e7da0c6,images/122c0e7da0c6.jpg,47.78352,268,2
122ff843fc93,images/122ff843fc93.jpg,50.795155,255,3
1232293031be,images/1232293031be.jpg,45.320031,256,2
1252f8677f36,images/1252f8677f36.jpg,50.560926,182,3
12678198b39b,images/12678198b39b.jpg,31.404094,267,1
1268d988f051,images/1268d988f051.jpg,47.78352,268,2
1274061e9450,images/1274061e9450.jpg,47.793422,248,2
12804c713cbe,images/12804c713cbe.jpg,66.827561,254,3
128c38955ea8,images/128c38955ea8.jpg,4.0,248,0
1298a2de9163,images/1298a2de9163.jpg,65.445156,247,3
129b1dce590f,images/129b1dce590f.jpg,48.49544,132,3
12e2ca48b9e9,images/12e2ca48b9e9.jpg,47.91948,266,2
12e36479787c,images/12e36479787c.jpg,28.0,260,1
12e72ecd5596,images/12e72ecd5596.jpg,27.245549,271,1
12ed5e82c2ca,images/12ed5e82c2ca.jpg,4.0,10,0
1304bf8eb0b0,images/1304bf8eb0b0.jpg,65.715682,167,3
131c3dce0702,images/131c3dce0702.jpg,4.0,218,0
132f899885af,images/132f899885af.jpg,61.785771,6,3
134192525cfc,images/134192525cfc.jpg,4.0,10,0
13469def4287,images/13469def4287.jpg,4.0,209,0
1347b3600b5e,images/1347b3600b5e.jpg,26.109484,260,1
13496363ddcb,images/13496363ddcb.jpg,28.0,260,1
134975bdc47f,images/134975bdc47f.jpg,27.246714,232,1
134a0775b5bf,images/134a0775b5bf.jpg,50.433723,264,3
13558db2e108,images/13558db2e108.jpg,50.560926,182,3
135cf4ad4056,images/135cf4ad4056.jpg,4.0,252,0
13750211273b,images/13750211273b.jpg,27.245549,271,1
137f94ca7312,images/137f94ca7312.jpg,48.045059,248,3
139a672cd0bc,images/139a672cd0bc.jpg,28.0,260,1
13a4642d957a,images/13a4642d957a.jpg,47.747842,213,2
13d249ba486b,images/13d249ba486b.jpg,48.249029,235,3
13fa87add958,images/13fa87add958.jpg,4.0,10,0
1400cf94c10d,images/1400cf94c10d.jpg,4.0,227,0
14098f486344,images/14098f486344.jpg,46.354813,220,2
140d4370ea1d,images/140d4370ea1d.jpg,47.770235,222,2
140f24e3cd9d,images/140f24e3cd9d.jpg,49.277121,13,3
14192fbb9330,images/14192fbb9330.jpg,61.692695,258,3
142ff28a27c0,images/142ff28a27c0.jpg,48.789646,151,3
1454a90f371c,images/1454a90f371c.jpg,52.592831,248,3
145703d9a984,images/145703d9a984.jpg,27.244136,110,1
1458540bbcca,images/1458540bbcca.jpg,47.91948,266,2
14597226af17,images/14597226af17.jpg,32.979939,253,1
145b05a2ed09,images/145b05a2ed09.jpg,4.0,4,0
146bda33b768,images/146bda33b768.jpg,28.0,237,1
1470238811ea,images/1470238811ea.jpg,27.246714,232,1
14718cd38625,images/14718cd38625.jpg,49.610923,264,3
147a30d5643e,images/147a30d5643e.jpg,38.476848,205,2
147b2e50fbdc,images/147b2e50fbdc.jpg,46.006276,265,2
14b19203fc7a,images/14b19203fc7a.jpg,53.843117,182,3
14c3d85b0c04,images/14c3d85b0c04.jpg,53.843117,182,3
14d400b0a8b1,images/14d400b0a8b1.jpg,32.163341,267,1
14d4bc3f4bff,images/14d4bc3f4bff.jpg,50.433723,264,3
14da0c2cf57b,images/14da0c2cf57b.jpg,66.827561,254,3
14e407f92faa,images/14e407f92faa.jpg,4.0,249,0
150a48f1057a,images/150a48f1057a.jpg,46.968348,243,2
150be99a8af0,images/150be99a8af0.jpg,48.434449,229,3
150e93e0b13b,images/150e93e0b13b.jpg,27.245549,271,1
152da047cca5,images/152da047cca5.jpg,61.692695,258,3
1548e1aa2106,images/1548e1aa2106.jpg,49.610923,264,3
155f72f21219,images/155f72f21219.jpg,65.445156,247,3
15721f3c8ff2,images/15721f3c8ff2.jpg,4.0,249,0
15732596b8d6,images/15732596b8d6.jpg,47.78352,268,2
157a75f70240,images/157a75f70240.jpg,65.696047,240,3
1584fd5b08b2,images/1584fd5b08b2.jpg,66.177195,270,3
1586ddac88b0,images/1586ddac88b0.jpg,48.115169,144,3
158f121ac66d,images/158f121ac66d.jpg,40.11209,10,2
15a6d438541d,images/15a6d438541d.jpg,30.250625,246,1
15b4a5bca556,images/15b4a5bca556.jpg,30.250625,246,1
15ced0db5502,images/15ced0db5502.jpg,32.163341,267,1
15e9f76bb5a8,images/15e9f76bb5a8.jpg,46.172883,265,2
15f0453a1dc2,images/15f0453a1dc2.jpg,0.0,10,0
160fa8441ddd,images/160fa8441ddd.jpg,50.795155,255,3
1618cee3901b,images/1618cee3901b.jpg,61.692695,258,3
1618f5eca35e,images/1618f5eca35e.jpg,50.795155,255,3
161c96569242,images/161c96569242.jpg,33.219347,241,1
16357b6292ca,images/16357b6292ca.jpg,4.0,269,0
1649b6f12be1,images/1649b6f12be1.jpg,47.913407,182,2
164ee789e052,images/164ee789e052.jpg,4.0,251,0
1659f35fe09e,images/1659f35fe09e.jpg,61.692695,258,3
166462992613,images/166462992613.jpg,32.163341,267,1
166729cd3e84,images/166729cd3e84.jpg,48.029351,150,3
166c407fb460,images/166c407fb460.jpg,48.029351,150,3
166e54299208,images/166e54299208.jpg,32.163341,267,1
168fea53dc39,images/168fea53dc39.jpg,32.163341,267,1
1698c236bd42,images/1698c236bd42.jpg,32.163341,267,1
16a733a85a65,images/16a733a85a65.jpg,49.610923,264,3
16b828afba37,images/16b828afba37.jpg,25.832329,260,1
16c30bd3b5f7,images/16c30bd3b5f7.jpg,32.979939,253,1
16c313929a67,images/16c313929a67.jpg,61.692695,258,3
17038ce9df91,images/17038ce9df91.jpg,0.0,83,0
1706c8ceed43,images/1706c8ceed43.jpg,28.0,260,1
1718cb87cd92,images/1718cb87cd92.jpg,50.433723,264,3
173e60c9a664,images/173e60c9a664.jpg,4.0,269,0
174101691246,images/174101691246.jpg,45.153509,220,2
17413786502c,images/17413786502c.jpg,32.979939,253,1
1744a24a8373,images/1744a24a8373.jpg,48.459726,182,3
17562dd665df,images/17562dd665df.jpg,48.223504,182,3
175b0d1af88e,images/175b0d1af88e.jpg,28.0,204,1
1767bfb9b5ee,images/1767bfb9b5ee.jpg,47.345483,243,2
176f25484658,images/176f25484658.jpg,47.889289,126,2
1774d461f44c,images/1774d461f44c.jpg,59.014794,203,3
177b451ffae6,images/177b451ffae6.jpg,0.0,68,0
177cd69f396d,images/177cd69f396d.jpg,40.985798,10,2
1785d3a788cd,images/1785d3a788cd.jpg,4.0,10,0
17a477d92705,images/17a477d92705.jpg,48.050318,229,3
17c2c79566ca,images/17c2c79566ca.jpg,47.78352,268,2
17d2ded57241,images/17d2ded57241.jpg,32.979939,253,1
17d70d0fb737,images/17d70d0fb737.jpg,31.404094,267,1
17e085520f72,images/17e085520f72.jpg,4.0,252,0
17eb0c31a3b9,images/17eb0c31a3b9.jpg,48.029351,150,3
17fb77a5b4c4,images/17fb77a5b4c4.jpg,65.445156,247,3
180171bdd5f6,images/180171bdd5f6.jpg,27.246714,232,1
181338f20508,images/181338f20508.jpg,4.0,252,0
1816616b28b7,images/1816616b28b7.jpg,46.73062,10,2
1825a6d8eeae,images/1825a6d8eeae.jpg,61.692695,258,3
182c50aece12,images/182c50aece12.jpg,28.0,78,1
182e922fecc4,images/182e922fecc4.jpg,61.692695,258,3
1837918cd33f,images/1837918cd33f.jpg,33.219347,241,1
1838f17c2c76,images/1838f17c2c76.jpg,47.823675,172,2
183a0fe01f46,images/183a0fe01f46.jpg,26.164267,7,1
18467630b2f3,images/18467630b2f3.jpg,61.692695,258,3
1859e5c1292a,images/1859e5c1292a.jpg,61.612268,236,3
185d27ddc4cd,images/185d27ddc4cd.jpg,46.006276,265,2
1873c60c79f2,images/1873c60c79f2.jpg,4.0,269,0
188025d4afc9,images/188025d4afc9.jpg,50.433723,264,3
1886aa3d9d86,images/1886aa3d9d86.jpg,53.208938,242,3
188b1fd99983,images/188b1fd99983.jpg,50.795155,255,3
18a46130b282,images/18a46130b282.jpg,58.988917,216,3
18b5417cf46b,images/18b5417cf46b.jpg,46.835973,248,2
18ba72b9ea5c,images/18ba72b9ea5c.jpg,52.870386,248,3
18c2ca220a2c,images/18c2ca220a2c.jpg,47.184219,243,2
18d63589b0b6,images/18d63589b0b6.jpg,50.190646,264,3
18e63e8e1a39,images/18e63e8e1a39.jpg,32.163341,267,1
18ed67089ce5,images/18ed67089ce5.jpg,18.60749,8,1
18f77df50710,images/18f77df50710.jpg,47.770235,222,2
18fa3c6bb9c3,images/18fa3c6bb9c3.jpg,4.0,10,0
1958e70f5728,images/1958e70f5728.jpg,61.147745,132,3
196ebaa4adce,images/196ebaa4adce.jpg,42.800832,134,2
198703e2f4a5,images/198703e2f4a5.jpg,49.610923,264,3
198fed81660b,images/198fed81660b.jpg,47.889289,126,2
1998f602a4ce,images/1998f602a4ce.jpg,44.126016,261,2
19bfaea55616,images/19bfaea55616.jpg,28.0,221,1
19d27d965b1f,images/19d27d965b1f.jpg,47.823675,172,2
19dac5dc7dc8,images/19dac5dc7dc8.jpg,50.795155,255,3
19dccd4dc0fc,images/19dccd4dc0fc.jpg,50.795155,255,3
19f1564f091b,images/19f1564f091b.jpg,53.208938,242,3
1a04c8772763,images/1a04c8772763.jpg,30.543495,10,1
1a10ee2091d5,images/1a10ee2091d5.jpg,32.163341,267,1
1a264e79bec8,images/1a264e79bec8.jpg,4.0,228,0
1a2adb544caa,images/1a2adb544caa.jpg,32.308378,267,1
1a300908ca8e,images/1a300908ca8e.jpg,48.209991,10,3
1a4213db937a,images/1a4213db937a.jpg,50.795155,255,3
1a5039e55d16,images/1a5039e55d16.jpg,4.0,10,0
1a59f5772199,images/1a59f5772199.jpg,46.091598,250,2
1a92e02d9616,images/1a92e02d9616.jpg,41.112397,205,2
1ac362ace673,images/1ac362ace673.jpg,4.0,218,0
1ad2ffc11f3a,images/1ad2ffc11f3a.jpg,60.847692,245,3
1ae09ba4dba7,images/1ae09ba4dba7.jpg,61.692695,258,3
1ae796f1f4ca,images/1ae796f1f4ca.jpg,47.895442,233,2
1aeaff9a74e8,images/1aeaff9a74e8.jpg,33.219347,241,1
1b02619ac8fc,images/1b02619ac8fc.jpg,46.032009,256,2
1b07af30e3b8,images/1b07af30e3b8.jpg,0.0,9,0
1b1106ef57bb,images/1b1106ef57bb.jpg,28.0,10,1
1b23b800f979,images/1b23b800f979.jpg,27.246714,232,1
1b34a4ef70ff,images/1b34a4ef70ff.jpg,50.433723,264,3
1b3d9dfc07b8,images/1b3d9dfc07b8.jpg,52.949495,254,3
1b49627fa234,images/1b49627fa234.jpg,60.847692,245,3
1b4af99024df,images/1b4af99024df.jpg,47.747842,213,2
1b52787e94f8,images/1b52787e94f8.jpg,47.913407,182,2
1b5bdf029d24,images/1b5bdf029d24.jpg,46.172883,265,2
1b6e1496e956,images/1b6e1496e956.jpg,50.433723,264,3
1b840bb1d8d6,images/1b840bb1d8d6.jpg,41.776567,262,2
1b88b9a58c14,images/1b88b9a58c14.jpg,27.246714,232,1
1b8cd63432d3,images/1b8cd63432d3.jpg,33.219347,241,1
1b94e06638fd,images/1b94e06638fd.jpg,47.366875,266,2
1bb7bb2375c9,images/1bb7bb2375c9.jpg,61.612268,236,3
1bc5502f4e7c,images/1bc5502f4e7c.jpg,4.0,269,0
1bccdf81a3b2,images/1bccdf81a3b2.jpg,47.756154,257,2
1be80c158293,images/1be80c158293.jpg,23.272232,86,1
1bfed4aeb8ac,images/1bfed4aeb8ac.jpg,50.795155,255,3
1c22c15f087f,images/1c22c15f087f.jpg,4.0,112,0
1c342e7c3950,images/1c342e7c3950.jpg,4.0,210,0
1c4227b0e40a,images/1c4227b0e40a.jpg,50.795155,255,3
1c46095f73aa,images/1c46095f73aa.jpg,28.0,260,1
1c550ae0effb,images/1c550ae0effb.jpg,32.163341,267,1
1c5cc8c12825,images/1c5cc8c12825.jpg,53.833817,214,3
1c5fb18fa859,images/1c5fb18fa859.jpg,61.601185,192,3
1c616c306554,images/1c616c306554.jpg,48.459726,182,3
1c743e47a537,images/1c743e47a537.jpg,4.0,249,0
1c75165ccf57,images/1c75165ccf57.jpg,66.177195,270,3
1c80f23ada4a,images/1c80f23ada4a.jpg,47.756154,257,2
1c8879d05911,images/1c8879d05911.jpg,49.438956,62,3
1c96c0c4f2ca,images/1c96c0c4f2ca.jpg,48.038821,207,3
1c9c8a074457,images/1c9c8a074457.jpg,48.710989,17,3
1cafea52ce47,images/1cafea52ce47.jpg,47.756154,257,2
1cb0a0e6cc9f,images/1cb0a0e6cc9f.jpg,50.142773,188,3
1cb8983fd09c,images/1cb8983fd09c.jpg,27.245549,271,1
1cc1092dd806,images/1cc1092dd806.jpg,52.858436,248,3
1cdf5a23912b,images/1cdf5a23912b.jpg,27.245549,271,1
1cebf8237e72,images/1cebf8237e72.jpg,4.0,130,0
1cf5999125bb,images/1cf5999125bb.jpg,32.308378,267,1
1cfb58ac3cec,images/1cfb58ac3cec.jpg,32.979939,253,1
1cfca479ca4e,images/1cfca479ca4e.jpg,52.858436,248,3
1d06b4155695,images/1d06b4155695.jpg,53.210447,242,3
1d09d4f97576,images/1d09d4f97576.jpg,4.0,228,0
1d09e8d19408,images/1d09e8d19408.jpg,47.91948,266,2
1d30e14ea330,images/1d30e14ea330.jpg,0.0,187,0
1d33c3ebb33c,images/1d33c3ebb33c.jpg,47.731673,195,2
1d34f7a71ace,images/1d34f7a71ace.jpg,33.569643,182,1
1d3541aae9cf,images/1d3541aae9cf.jpg,49.610923,264,3
1d4dae8280e0,images/1d4dae8280e0.jpg,50.433723,264,3
1d516dd82611,images/1d516dd82611.jpg,48.459726,182,3
1d5657fd2cc4,images/1d5657fd2cc4.jpg,32.163341,267,1
1d5f2ff329bb,images/1d5f2ff329bb.jpg,4.0,252,0
1d6b29eeb8b7,images/1d6b29eeb8b7.jpg,47.29499,248,2
1d6b6e0b58cc,images/1d6b6e0b58cc.jpg,61.748616,224,3
1d759cba4fdf,images/1d759cba4fdf.jpg,41.075223,205,2
1d7de7ac817b,images/1d7de7ac817b.jpg,65.445156,247,3
1d9dc6005e7d,images/1d9dc6005e7d.jpg,50.795155,255,3
1dc0f412c429,images/1dc0f412c429.jpg,4.0,227,0
1dc18b032d59,images/1dc18b032d59.jpg,61.692695,258,3
1dc71b89306f,images/1dc71b89306f.jpg,60.847692,245,3
1dd376b44952,images/1dd376b44952.jpg,65.445156,247,3
1dd91c864fe8,images/1dd91c864fe8.jpg,27.246714,232,1
1dee0a4c47b3,images/1dee0a4c47b3.jpg,4.0,194,0
1def50424893,images/1def50424893.jpg,4.0,10,0
1def5517de4b,images/1def5517de4b.jpg,4.0,149,0
1e00e9d87800,images/1e00e9d87800.jpg,52.949495,254,3
1e1f1a5a3e78,images/1e1f1a5a3e78.jpg,50.433723,264,3
1e2856c718f4,images/1e2856c718f4.jpg,50.426162,199,3
1e2ff3a73eff,images/1e2ff3a73eff.jpg,53.208938,242,3
1e450b30a151,images/1e450b30a151.jpg,4.0,252,0
1e6e7b7905e3,images/1e6e7b7905e3.jpg,47.78352,268,2
1e76242bcaae,images/1e76242bcaae.jpg,4.0,269,0
1e8e3fe6f251,images/1e8e3fe6f251.jpg,47.756154,257,2
1eb664e23ad6,images/1eb664e23ad6.jpg,53.208938,242,3
1ee968261a17,images/1ee968261a17.jpg,4.0,10,0
1efe31284cb4,images/1efe31284cb4.jpg,23.803549,10,1
1f0e20152c40,images/1f0e20152c40.jpg,61.748616,224,3
1f263616f8f6,images/1f263616f8f6.jpg,61.305734,18,3
1f26df4aee83,images/1f26df4aee83.jpg,32.979939,253,1
1f31aeeed3c9,images/1f31aeeed3c9.jpg,47.788986,235,2
1f4195b4b9ed,images/1f4195b4b9ed.jpg,4.0,189,0
1f5a17a02c19,images/1f5a17a02c19.jpg,61.692695,258,3
1f6a29913d30,images/1f6a29913d30.jpg,61.692695,258,3
1f6b62eecfe3,images/1f6b62eecfe3.jpg,50.433723,264,3
1f71ac532f61,images/1f71ac532f61.jpg,50.433723,264,3
1f7589b605dc,images/1f7589b605dc.jpg,66.848889,259,3
1f7c54f0de47,images/1f7c54f0de47.jpg,41.142443,205,2
1f97eca8deec,images/1f97eca8deec.jpg,32.979939,253,1
1f9cf081a4b0,images/1f9cf081a4b0.jpg,25.832329,260,1
1fba3778fdda,images/1fba3778fdda.jpg,28.0,260,1
1fe7d07ad4ce,images/1fe7d07ad4ce.jpg,61.682046,132,3
1ffb0ace52e8,images/1ffb0ace52e8.jpg,27.245549,271,1
200147830137,images/200147830137.jpg,4.0,251,0
201e1de8570d,images/201e1de8570d.jpg,4.0,251,0
203729f0af6b,images/203729f0af6b.jpg,61.748616,224,3
20413edd3dcf,images/20413edd3dcf.jpg,46.470252,137,2
208c41abb9cf,images/208c41abb9cf.jpg,43.271793,31,2
20a5bf7fd35d,images/20a5bf7fd35d.jpg,4.0,135,0
2110af374d1a,images/2110af374d1a.jpg,28.0,186,1
2117346a1ca0,images/2117346a1ca0.jpg,47.78352,268,2
21196eae3f36,images/21196eae3f36.jpg,61.692695,258,3
2119e74ac8da,images/2119e74ac8da.jpg,48.038821,207,3
21267ef0c7c1,images/21267ef0c7c1.jpg,61.692695,258,3
212773f51e05,images/212773f51e05.jpg,66.827561,254,3
212b2f9f2142,images/212b2f9f2142.jpg,61.550937,132,3
212de22da911,images/212de22da911.jpg,4.0,10,0
212ebf1888e5,images/212ebf1888e5.jpg,4.0,251,0
21449836aaa7,images/21449836aaa7.jpg,61.245509,132,3
2159630fa502,images/2159630fa502.jpg,66.827561,254,3
2164daf8fe08,images/2164daf8fe08.jpg,32.979939,253,1
2185965d882c,images/2185965d882c.jpg,46.233839,137,2
2198d0b3f181,images/2198d0b3f181.jpg,4.0,227,0
21bc90f408a6,images/21bc90f408a6.jpg,4.0,137,0
21d28041fa93,images/21d28041fa93.jpg,32.979939,253,1
21e854e80094,images/21e854e80094.jpg,48.459726,182,3
2201dc28f03e,images/2201dc28f03e.jpg,48.118439,61,3
2226f2275ea1,images/2226f2275ea1.jpg,32.163341,267,1
22289d14e17b,images/22289d14e17b.jpg,41.776567,262,2
222ebc4a4cfe,images/222ebc4a4cfe.jpg,47.772354,170,2
2232cc2892c2,images/2232cc2892c2.jpg,28.0,260,1
2232daf40e19,images/2232daf40e19.jpg,47.366875,266,2
2242e520a840,images/2242e520a840.jpg,50.433723,264,3
224de38be0e6,images/224de38be0e6.jpg,61.692695,258,3
226849f93676,images/226849f93676.jpg,39.465635,10,2
2273678812d2,images/2273678812d2.jpg,66.177195,270,3
227869765fcf,images/227869765fcf.jpg,4.0,227,0
22d9c3adc98f,images/22d9c3adc98f.jpg,33.219347,241,1
22dd8e3a665f,images/22dd8e3a665f.jpg,59.147959,192,3
22e0a2556611,images/22e0a2556611.jpg,61.71002,182,3
230719654a1e,images/230719654a1e.jpg,47.91948,266,2
230eda13d94a,images/230eda13d94a.jpg,47.78352,268,2
2314521a7f5b,images/2314521a7f5b.jpg,61.692695,258,3
231c4e9bd914,images/231c4e9bd914.jpg,61.692695,258,3
2332b4aef522,images/2332b4aef522.jpg,47.184219,243,2
233e6f4d1276,images/233e6f4d1276.jpg,61.111068,132,3
235dba87ace3,images/235dba87ace3.jpg,23.389139,11,1
238f34f71b36,images/238f34f71b36.jpg,4.0,12,0
23989dc97b9a,images/23989dc97b9a.jpg,27.245549,271,1
23a00a40588d,images/23a00a40588d.jpg,47.889289,126,2
23c79af87874,images/23c79af87874.jpg,47.91948,266,2
23e4a53b8cd0,images/23e4a53b8cd0.jpg,42.964082,10,2
23ea093b479e,images/23ea093b479e.jpg,30.250625,246,1
23f1151ddb44,images/23f1151ddb44.jpg,46.354813,220,2
240747cd0121,images/240747cd0121.jpg,61.599305,132,3
24189bce6632,images/24189bce6632.jpg,27.246714,232,1
244ad3b51343,images/244ad3b51343.jpg,4.0,218,0
2452cea74056,images/2452cea74056.jpg,61.682046,132,3
2476d1513ee6,images/2476d1513ee6.jpg,46.395266,265,2
24803962df87,images/24803962df87.jpg,32.163341,267,1
24907db3cfc7,images/24907db3cfc7.jpg,59.014794,203,3
24a462cc4649,images/24a462cc4649.jpg,50.433723,264,3
24b21527ae9c,images/24b21527ae9c.jpg,33.219347,241,1
24c4e650173a,images/24c4e650173a.jpg,48.010988,207,3
24cb18aa076e,images/24cb18aa076e.jpg,47.91948,266,2
24d58963f87a,images/24d58963f87a.jpg,27.245549,271,1
24dad58e3e09,images/24dad58e3e09.jpg,50.433723,264,3
24e6ebc8bbcd,images/24e6ebc8bbcd.jpg,27.245549,271,1
24eb3462e0f8,images/24eb3462e0f8.jpg,61.692695,258,3
24ec4ca3341f,images/24ec4ca3341f.jpg,46.032009,256,2
24eeeb063e98,images/24eeeb063e98.jpg,4.0,10,0
24f4f59bd9f1,images/24f4f59bd9f1.jpg,4.0,269,0
2508a381ee40,images/2508a381ee40.jpg,32.163341,267,1
2554f6e45ee3,images/2554f6e45ee3.jpg,46.354813,220,2
2561d9ee32fb,images/2561d9ee32fb.jpg,61.692695,258,3
2564987e360a,images/2564987e360a.jpg,60.847692,245,3
25744192122d,images/25744192122d.jpg,34.190379,177,1
2588d1f3a43e,images/2588d1f3a43e.jpg,61.692695,258,3
258bc7070e65,images/258bc7070e65.jpg,47.78352,268,2
25ae45eca94a,images/25ae45eca94a.jpg,61.606861,132,3
25b0fec5440b,images/25b0fec5440b.jpg,32.163341,267,1
25b2b1f7ddc3,images/25b2b1f7ddc3.jpg,33.219347,241,1
25b5ff020407,images/25b5ff020407.jpg,4.0,58,0
25ba7277495b,images/25ba7277495b.jpg,28.0,260,1
25bd766d5303,images/25bd766d5303.jpg,28.0,260,1
25c8b51e4e1d,images/25c8b51e4e1d.jpg,47.196622,191,2
25d426f7ca10,images/25d426f7ca10.jpg,50.795155,255,3
25e5b146f57d,images/25e5b146f57d.jpg,47.213621,10,2
25eb50f6ec52,images/25eb50f6ec52.jpg,4.0,209,0
25ec5df83fd4,images/25ec5df83fd4.jpg,4.0,228,0
25f31c9a352e,images/25f31c9a352e.jpg,60.847692,245,3
25f87c2df0bc,images/25f87c2df0bc.jpg,53.665256,34,3
25fff8893328,images/25fff8893328.jpg,4.0,228,0
264df05085b7,images/264df05085b7.jpg,47.91948,266,2
265bb624a4d6,images/265bb624a4d6.jpg,32.308378,267,1
265f205e1f86,images/265f205e1f86.jpg,49.610923,264,3
2664dfebbd37,images/2664dfebbd37.jpg,32.163341,267,1
2667743382b4,images/2667743382b4.jpg,53.843117,182,3
2683bff289a7,images/2683bff289a7.jpg,48.045059,248,3
2698f08367e9,images/2698f08367e9.jpg,50.795155,255,3
26a5e1f11051,images/26a5e1f11051.jpg,50.433723,264,3
26b1f22d5300,images/26b1f22d5300.jpg,61.748616,224,3
26b5889668b5,images/26b5889668b5.jpg,48.139103,150,3
26c68c4738da,images/26c68c4738da.jpg,4.0,228,0
26d06f61b33a,images/26d06f61b33a.jpg,61.692695,258,3
26eeaebb7c01,images/26eeaebb7c01.jpg,50.433723,264,3
26f5cd54a1ad,images/26f5cd54a1ad.jpg,4.0,234,0
270898c07fbc,images/270898c07fbc.jpg,30.250625,246,1
2710cbce9853,images/2710cbce9853.jpg,4.0,10,0
2713cbece6d7,images/2713cbece6d7.jpg,49.610923,264,3
2737608ce827,images/2737608ce827.jpg,32.308378,267,1
2744a5b900be,images/2744a5b900be.jpg,27.245549,271,1
274d064b2295,images/274d064b2295.jpg,54.619022,84,3
27500dbedd8b,images/27500dbedd8b.jpg,4.0,251,0
2754e9d2b953,images/2754e9d2b953.jpg,50.433723,264,3
275b5a9fb13e,images/275b5a9fb13e.jpg,4.0,251,0
275f2e4a1df1,images/275f2e4a1df1.jpg,51.022956,69,3
278a5b2c9852,images/278a5b2c9852.jpg,60.847692,245,3
27a2b9af2f27,images/27a2b9af2f27.jpg,4.0,249,0
27ac366c57c9,images/27ac366c57c9.jpg,50.795155,255,3
27b7db916429,images/27b7db916429.jpg,23.272232,86,1
27bf33860054,images/27bf33860054.jpg,4.0,234,0
27ca95c04132,images/27ca95c04132.jpg,60.847692,245,3
27d43a60e735,images/27d43a60e735.jpg,50.433723,264,3
27d8acb2c5a7,images/27d8acb2c5a7.jpg,61.692695,258,3
27da5e0eabbc,images/27da5e0eabbc.jpg,46.091598,250,2
27db48506f09,images/27db48506f09.jpg,47.204576,10,2
27e379984126,images/27e379984126.jpg,48.029351,150,3
2816638ec63e,images/2816638ec63e.jpg,4.0,227,0
28197d6cc7dc,images/28197d6cc7dc.jpg,59.635699,10,3
283eacdd23c4,images/283eacdd23c4.jpg,4.0,138,0
2857c62d816e,images/2857c62d816e.jpg,50.795155,255,3
2861aca3182a,images/2861aca3182a.jpg,0.0,26,0
286acdf119e7,images/286acdf119e7.jpg,4.0,130,0
286cd4a39cad,images/286cd4a39cad.jpg,66.166611,270,3
287641b7aa4d,images/287641b7aa4d.jpg,50.433723,264,3
287f9fd641c7,images/287f9fd641c7.jpg,47.366875,266,2
288075f48c16,images/288075f48c16.jpg,4.0,121,0
2889c4cf9619,images/2889c4cf9619.jpg,4.0,269,0
289857aca826,images/289857aca826.jpg,0.0,10,0
289e6077fbc5,images/289e6077fbc5.jpg,49.397464,133,3
28a22cc831a2,images/28a22cc831a2.jpg,53.843117,182,3
28a925d86cbc,images/28a925d86cbc.jpg,55.039797,184,3
28b0ce53de2e,images/28b0ce53de2e.jpg,4.0,218,0
28ce532a8c5b,images/28ce532a8c5b.jpg,53.843117,182,3
28daf1f71c61,images/28daf1f71c61.jpg,32.163341,267,1
290d62a9add0,images/290d62a9add0.jpg,44.126016,261,2
2922fd1706a5,images/2922fd1706a5.jpg,32.308378,267,1
292eca04aaf7,images/292eca04aaf7.jpg,28.0,260,1
29340005dba1,images/29340005dba1.jpg,53.178369,259,3
293c11701a14,images/293c11701a14.jpg,41.776567,262,2
293f4742e623,images/293f4742e623.jpg,47.91908,101,2
29403ae9fef3,images/29403ae9fef3.jpg,61.304014,132,3
2978e39c32c2,images/2978e39c32c2.jpg,4.0,218,0
2980c850372d,images/2980c850372d.jpg,50.433723,264,3
29818321991c,images/29818321991c.jpg,46.353476,250,2
2982692a8012,images/2982692a8012.jpg,32.979939,253,1
299a0b8d90ad,images/299a0b8d90ad.jpg,48.459726,182,3
29a36f67cff5,images/29a36f67cff5.jpg,4.0,156,0
29c93975d664,images/29c93975d664.jpg,50.433723,264,3
29c9a9e7bdd7,images/29c9a9e7bdd7.jpg,47.901863,191,2
29c9f56f27c3,images/29c9f56f27c3.jpg,46.006276,265,2
29d901b759ba,images/29d901b759ba.jpg,25.14447,260,1
29e89b261ac1,images/29e89b261ac1.jpg,4.0,10,0
29eff1f43f31,images/29eff1f43f31.jpg,41.776567,262,2
29f74cf33e8f,images/29f74cf33e8f.jpg,59.162147,132,3
2a1d4717227d,images/2a1d4717227d.jpg,61.748616,224,3
2a2049e91194,images/2a2049e91194.jpg,0.0,137,0
2a2bd2ef461a,images/2a2bd2ef461a.jpg,32.979939,253,1
2a37232e5c23,images/2a37232e5c23.jpg,61.692695,258,3
2a69f53704ee,images/2a69f53704ee.jpg,60.696412,245,3
2a74588593f5,images/2a74588593f5.jpg,50.433723,264,3
2aa13beef872,images/2aa13beef872.jpg,50.795155,255,3
2aa30690009f,images/2aa30690009f.jpg,49.506329,124,3
2aab2eef46d8,images/2aab2eef46d8.jpg,65.445156,247,3
2ab7fa9d907a,images/2ab7fa9d907a.jpg,50.795155,255,3
2ac5b6200fe5,images/2ac5b6200fe5.jpg,48.010988,207,3
2ad798b77884,images/2ad798b77884.jpg,60.847692,245,3
2adc60011455,images/2adc60011455.jpg,35.191831,149,2
2afc44bbcc18,images/2afc44bbcc18.jpg,60.847692,245,3
2b0be0aa820e,images/2b0be0aa820e.jpg,47.901863,191,2
2b1cc38a776b,images/2b1cc38a776b.jpg,27.245549,271,1
2b257c1bba9a,images/2b257c1bba9a.jpg,30.250625,246,1
2b2ea334a0dc,images/2b2ea334a0dc.jpg,4.0,249,0
2b32b9431b93,images/2b32b9431b93.jpg,4.0,194,0
2b33143a6fba,images/2b33143a6fba.jpg,4.0,251,0
2b3f9da0716d,images/2b3f9da0716d.jpg,46.743843,248,2
2b43e77198a0,images/2b43e77198a0.jpg,32.163341,267,1
2b46fd4e902b,images/2b46fd4e902b.jpg,41.357539,13,2
2b5bcd7769e8,images/2b5bcd7769e8.jpg,26.109484,260,1
2b5dc8452460,images/2b5dc8452460.jpg,47.756154,257,2
2b5f28c0f7a6,images/2b5f28c0f7a6.jpg,53.208938,242,3
2b64f190f20c,images/2b64f190f20c.jpg,4.0,156,0
2b66ece48871,images/2b66ece48871.jpg,47.952342,239,2
2b92ab615ecd,images/2b92ab615ecd.jpg,54.999146,14,3
2b9ec4450a80,images/2b9ec4450a80.jpg,30.713897,10,1
2badf2c7b2de,images/2badf2c7b2de.jpg,32.447918,62,1
2bb1dba92c3b,images/2bb1dba92c3b.jpg,50.795155,255,3
2bd288744ebd,images/2bd288744ebd.jpg,46.091598,250,2
2be0e938f78d,images/2be0e938f78d.jpg,66.177195,270,3
2be855899ae5,images/2be855899ae5.jpg,53.570275,259,3
2c028c740ff6,images/2c028c740ff6.jpg,66.177195,270,3
2c1dddb15056,images/2c1dddb15056.jpg,50.795155,255,3
2c26ff5ec6a7,images/2c26ff5ec6a7.jpg,47.78352,268,2
2c30144f49b1,images/2c30144f49b1.jpg,48.459726,182,3
2c30edb258bd,images/2c30edb258bd.jpg,4.0,10,0
2c33c3296772,images/2c33c3296772.jpg,61.692695,258,3
2c47fa7d4603,images/2c47fa7d4603.jpg,4.0,53,0
2c4c96de3b88,images/2c4c96de3b88.jpg,47.895442,233,2
2c4f02d00bc7,images/2c4f02d00bc7.jpg,27.246714,232,1
2c4ff74a8203,images/2c4ff74a8203.jpg,4.0,227,0
2c80d04d735c,images/2c80d04d735c.jpg,59.014794,203,3
2c84645fd777,images/2c84645fd777.jpg,4.0,218,0
2c98e9a0554a,images/2c98e9a0554a.jpg,53.198781,242,3
2c9d7e529870,images/2c9d7e529870.jpg,61.245509,132,3
2ca35be14702,images/2ca35be14702.jpg,61.305734,18,3
2ca951c0d063,images/2ca951c0d063.jpg,58.988917,216,3
2cc299a37286,images/2cc299a37286.jpg,25.467926,86,1
2cd0edc4573c,images/2cd0edc4573c.jpg,4.0,10,0
2cd51d0a15f6,images/2cd51d0a15f6.jpg,61.692695,258,3
2cd6a9c7cba1,images/2cd6a9c7cba1.jpg,4.0,238,0
2cd8d132617c,images/2cd8d132617c.jpg,32.979939,253,1
2cda76e2f15d,images/2cda76e2f15d.jpg,66.827561,254,3
2cea317f23df,images/2cea317f23df.jpg,28.0,16,1
2cf1bbea4df3,images/2cf1bbea4df3.jpg,4.0,252,0
2d0316e48a43,images/2d0316e48a43.jpg,59.014794,203,3
2d0b13740e37,images/2d0b13740e37.jpg,0.0,15,0
2d1355a15062,images/2d1355a15062.jpg,48.223504,182,3
2d3fc971fa12,images/2d3fc971fa12.jpg,47.952342,239,2
2d4837ce3922,images/2d4837ce3922.jpg,4.0,16,0
2d51f0f386dc,images/2d51f0f386dc.jpg,32.163341,267,1
2d77c8dd8c3e,images/2d77c8dd8c3e.jpg,53.843117,182,3
2d7948dad040,images/2d7948dad040.jpg,47.772354,170,2
2d82fe3ee8da,images/2d82fe3ee8da.jpg,33.219347,241,1
2d8f30ee220e,images/2d8f30ee220e.jpg,61.601185,192,3
2da7d7e678f1,images/2da7d7e678f1.jpg,33.219347,241,1
2dabda323567,images/2dabda323567.jpg,39.83864,104,2
2dba9d14724b,images/2dba9d14724b.jpg,47.78352,268,2
2dd4a599bd32,images/2dd4a599bd32.jpg,4.0,10,0
2def67866896,images/2def67866896.jpg,49.258997,47,3
2e000f48e924,images/2e000f48e924.jpg,49.349267,261,3
2e1478e10eeb,images/2e1478e10eeb.jpg,4.0,251,0
2e165ef357a9,images/2e165ef357a9.jpg,32.163341,267,1
2e1f996d54c2,images/2e1f996d54c2.jpg,47.952342,239,2
2e47a22d1c9b,images/2e47a22d1c9b.jpg,40.606848,10,2
2e4a6ad8422e,images/2e4a6ad8422e.jpg,44.751664,256,2
2e76bff0ed70,images/2e76bff0ed70.jpg,26.313871,62,1
2e87b938115f,images/2e87b938115f.jpg,48.038821,207,3
2ea01c8775a1,images/2ea01c8775a1.jpg,50.795155,255,3
2eaf703dd6c6,images/2eaf703dd6c6.jpg,48.038821,207,3
2ec93c15c91e,images/2ec93c15c91e.jpg,33.219347,241,1
2ecd85992685,images/2ecd85992685.jpg,60.847692,245,3
2ed8841ce3ea,images/2ed8841ce3ea.jpg,61.147816,132,3
2ed89e6284d3,images/2ed89e6284d3.jpg,4.0,10,0
2ef054c15a0f,images/2ef054c15a0f.jpg,47.01214,248,2
2ef41d4e9177,images/2ef41d4e9177.jpg,47.747842,213,2
2ef5faec1296,images/2ef5faec1296.jpg,45.900713,220,2
2efd9294859a,images/2efd9294859a.jpg,50.433723,264,3
2f0abffbb582,images/2f0abffbb582.jpg,61.692695,258,3
2f151d8a6557,images/2f151d8a6557.jpg,4.0,121,0
2f1c42570c6b,images/2f1c42570c6b.jpg,4.0,251,0
2f290b8d4a9f,images/2f290b8d4a9f.jpg,61.692695,258,3
2f3a0f6f00d9,images/2f3a0f6f00d9.jpg,25.832329,260,1
2f3bb1546c2d,images/2f3bb1546c2d.jpg,33.219347,241,1
2f3d91041a29,images/2f3d91041a29.jpg,60.847692,245,3
2f610d340a47,images/2f610d340a47.jpg,61.692695,258,3
2f7582630608,images/2f7582630608.jpg,4.0,269,0
2f7b8d4a8c8d,images/2f7b8d4a8c8d.jpg,48.038821,207,3
2f85fbd4c7db,images/2f85fbd4c7db.jpg,46.091598,250,2
2f9353c326c3,images/2f9353c326c3.jpg,45.153509,220,2
2fa60cc9a9d6,images/2fa60cc9a9d6.jpg,50.795155,255,3
2fc63e732cc1,images/2fc63e732cc1.jpg,65.445156,247,3
2fcc37a9eb57,images/2fcc37a9eb57.jpg,47.952342,239,2
2fe22c4dd5f1,images/2fe22c4dd5f1.jpg,47.756154,257,2
2fe24aa492ea,images/2fe24aa492ea.jpg,4.0,10,0
2fe94ebf3c53,images/2fe94ebf3c53.jpg,50.433723,264,3
2feba987b004,images/2feba987b004.jpg,46.927058,248,2
2ff15bb9301b,images/2ff15bb9301b.jpg,4.0,173,0
300df14dc0a8,images/300df14dc0a8.jpg,47.184219,243,2
301cc8776f47,images/301cc8776f47.jpg,44.493593,220,2
3024c97c0479,images/3024c97c0479.jpg,53.063204,248,3
3029586a56b9,images/3029586a56b9.jpg,4.0,252,0
302cacfc0e86,images/302cacfc0e86.jpg,48.459726,182,3
302dd497ee0e,images/302dd497ee0e.jpg,65.445156,247,3
303683a05820,images/303683a05820.jpg,47.78352,268,2
304c278a3613,images/304c278a3613.jpg,4.0,269,0
3063bfa89d31,images/3063bfa89d31.jpg,4.0,16,0
30654be15083,images/30654be15083.jpg,41.776567,262,2
306f243b1c4a,images/306f243b1c4a.jpg,47.756154,257,2
30759e9e8acd,images/30759e9e8acd.jpg,31.477544,10,1
3089a071853f,images/3089a071853f.jpg,52.769571,248,3
309965cc0186,images/309965cc0186.jpg,4.0,218,0
30a0e401685e,images/30a0e401685e.jpg,27.245549,271,1
30a1b9d4b01c,images/30a1b9d4b01c.jpg,30.250625,246,1
30a33c732db6,images/30a33c732db6.jpg,48.086044,154,3
30c3778d1ea8,images/30c3778d1ea8.jpg,50.433723,264,3
30d06cfb0a79,images/30d06cfb0a79.jpg,50.433723,264,3
30d33d7eb635,images/30d33d7eb635.jpg,27.245549,271,1
30e77357c00e,images/30e77357c00e.jpg,50.795155,255,3
30ee4c531597,images/30ee4c531597.jpg,32.163341,267,1
30f6b348c6b0,images/30f6b348c6b0.jpg,32.979939,253,1
310388e9aef1,images/310388e9aef1.jpg,50.795155,255,3
310a480e68f4,images/310a480e68f4.jpg,27.246714,232,1
3110868fb407,images/3110868fb407.jpg,48.634324,132,3
312134480bad,images/312134480bad.jpg,52.769571,248,3
3133c6a4813f,images/3133c6a4813f.jpg,61.692695,258,3
31432ec4c7aa,images/31432ec4c7aa.jpg,47.756154,257,2
315410a1a161,images/315410a1a161.jpg,30.262608,10,1
315768e0545a,images/315768e0545a.jpg,32.163341,267,1
315808b09eee,images/315808b09eee.jpg,27.246714,232,1
316116677639,images/316116677639.jpg,50.300215,13,3
31806939673d,images/31806939673d.jpg,53.843117,182,3
31b2bd192049,images/31b2bd192049.jpg,31.404094,267,1
31b36c813d63,images/31b36c813d63.jpg,4.0,234,0
31b434c1c14c,images/31b434c1c14c.jpg,47.78352,268,2
31c772ab7585,images/31c772ab7585.jpg,4.0,15,0
31da06f0242e,images/31da06f0242e.jpg,47.895442,233,2
31e0f0021775,images/31e0f0021775.jpg,61.777617,244,3
31e519055ea8,images/31e519055ea8.jpg,61.692695,258,3
31fecab65d75,images/31fecab65d75.jpg,50.795155,255,3
322d1f0d6647,images/322d1f0d6647.jpg,48.038821,207,3
322fde645766,images/322fde645766.jpg,46.006276,265,2
3249a1149563,images/3249a1149563.jpg,4.0,218,0
32608494e9d3,images/32608494e9d3.jpg,31.404094,267,1
32643d1536e4,images/32643d1536e4.jpg,4.0,234,0
328559311c99,images/328559311c99.jpg,65.445156,247,3
329baf3af822,images/329baf3af822.jpg,61.692695,258,3
329dd7ccc2b4,images/329dd7ccc2b4.jpg,4.0,10,0
32afb1f81143,images/32afb1f81143.jpg,4.0,252,0
32afc79c8fb7,images/32afc79c8fb7.jpg,4.0,175,0
32bb0e9daf9a,images/32bb0e9daf9a.jpg,4.0,251,0
32c54cf3c057,images/32c54cf3c057.jpg,66.827561,254,3
32dbebb6cc24,images/32dbebb6cc24.jpg,4.0,218,0
32e53d1d6fa9,images/32e53d1d6fa9.jpg,4.0,152,0
32e68b832d3e,images/32e68b832d3e.jpg,4.0,10,0
32ede6caea41,images/32ede6caea41.jpg,45.86781,265,2
32f516abc961,images/32f516abc961.jpg,61.114882,182,3
32fb7e88a33a,images/32fb7e88a33a.jpg,47.772354,170,2
3300fd094680,images/3300fd094680.jpg,48.459726,182,3
3313545a4c8e,images/3313545a4c8e.jpg,49.514067,13,3
3326b8a56926,images/3326b8a56926.jpg,4.0,210,0
3329b7a4bf91,images/3329b7a4bf91.jpg,27.245549,271,1
333072aec8b6,images/333072aec8b6.jpg,47.867833,163,2
333aed9aefd8,images/333aed9aefd8.jpg,40.322556,134,2
3351425fb59f,images/3351425fb59f.jpg,27.245549,271,1
3353a4405a07,images/3353a4405a07.jpg,59.014794,203,3
335f342a20b0,images/335f342a20b0.jpg,48.029351,150,3
3360146911ad,images/3360146911ad.jpg,47.747842,213,2
3360c407a972,images/3360c407a972.jpg,47.91948,266,2
33629e6d8007,images/33629e6d8007.jpg,47.78352,268,2
3364431ae9b2,images/3364431ae9b2.jpg,50.795155,255,3
33690b15d4d8,images/33690b15d4d8.jpg,50.433723,264,3
337c009f2457,images/337c009f2457.jpg,46.21417,239,2
337dfc5e63eb,images/337dfc5e63eb.jpg,46.172883,265,2
33af38ee05a7,images/33af38ee05a7.jpg,50.795155,255,3
33b63016cbdb,images/33b63016cbdb.jpg,50.795155,255,3
33c9b2eb5d91,images/33c9b2eb5d91.jpg,65.445156,247,3
33ca6bde5ed8,images/33ca6bde5ed8.jpg,61.550937,132,3
33d08eb9e303,images/33d08eb9e303.jpg,4.0,206,0
33da28d4b04c,images/33da28d4b04c.jpg,46.140188,265,2
33df3125b134,images/33df3125b134.jpg,30.250625,246,1
33ec78041cac,images/33ec78041cac.jpg,4.0,59,0
3400ce6d4e98,images/3400ce6d4e98.jpg,48.710989,17,3
340146934ca7,images/340146934ca7.jpg,48.029351,150,3
3433328e10be,images/3433328e10be.jpg,65.445156,247,3
3433d6cdba6d,images/3433d6cdba6d.jpg,47.756154,257,2
343478839e09,images/343478839e09.jpg,44.696351,13,2
3469a555e4fb,images/3469a555e4fb.jpg,50.433723,264,3
3489d5981a57,images/3489d5981a57.jpg,4.0,234,0
348be7227e1b,images/348be7227e1b.jpg,27.246714,232,1
348bf525934f,images/348bf525934f.jpg,4.0,238,0
348e1a4fe5a9,images/348e1a4fe5a9.jpg,61.599305,132,3
349c0aef3a34,images/349c0aef3a34.jpg,48.045059,248,3
34a13106e786,images/34a13106e786.jpg,32.163341,267,1
34a280721666,images/34a280721666.jpg,61.692695,258,3
34bddf5fa410,images/34bddf5fa410.jpg,4.0,228,0
34c0d81a82ad,images/34c0d81a82ad.jpg,59.014794,203,3
34cab50c3a59,images/34cab50c3a59.jpg,48.459726,182,3
34cc1f4d4d85,images/34cc1f4d4d85.jpg,47.952342,239,2
34d3120fa6be,images/34d3120fa6be.jpg,61.599305,132,3
34e46cdc9556,images/34e46cdc9556.jpg,50.795155,255,3
34fef7dce273,images/34fef7dce273.jpg,4.0,92,0
350d50f008b2,images/350d50f008b2.jpg,47.91948,266,2
351528d149e8,images/351528d149e8.jpg,4.0,105,0
351595c48ab8,images/351595c48ab8.jpg,32.163341,267,1
351a96d3666e,images/351a96d3666e.jpg,4.0,218,0
353f662b5002,images/353f662b5002.jpg,46.006276,265,2
354abe1a467b,images/354abe1a467b.jpg,47.119938,10,2
35518d6f41ff,images/35518d6f41ff.jpg,61.304014,132,3
356422e5f822,images/356422e5f822.jpg,49.610923,264,3
3566ac30c3d8,images/3566ac30c3d8.jpg,61.606861,132,3
3572a0bb5876,images/3572a0bb5876.jpg,4.0,10,0
35ac6506f56c,images/35ac6506f56c.jpg,44.770112,182,2
35bf9bfb9905,images/35bf9bfb9905.jpg,4.0,10,0
35c4893e0e67,images/35c4893e0e67.jpg,43.072904,134,2
35ca8b519aa9,images/35ca8b519aa9.jpg,32.979939,253,1
35d1234d7e0e,images/35d1234d7e0e.jpg,59.847436,10,3
35db96c6c0b4,images/35db96c6c0b4.jpg,50.795155,255,3
35ff5d9ecfc7,images/35ff5d9ecfc7.jpg,32.163341,267,1
360170cd73ed,images/360170cd73ed.jpg,47.634049,137,2
360adfb0e708,images/360adfb0e708.jpg,4.0,201,0
362a4a6931f8,images/362a4a6931f8.jpg,50.433723,264,3
3639399790c6,images/3639399790c6.jpg,61.305734,18,3
363be39d0abd,images/363be39d0abd.jpg,4.0,218,0
3641eb26723d,images/3641eb26723d.jpg,4.0,210,0
364edfbbfdb6,images/364edfbbfdb6.jpg,47.78352,268,2
3668db1410f1,images/3668db1410f1.jpg,0.0,10,0
367eb98ea3c7,images/367eb98ea3c7.jpg,46.091598,250,2
36802b37469c,images/36802b37469c.jpg,45.896782,10,2
36be258f3cdd,images/36be258f3cdd.jpg,61.084897,132,3
36cd86050efe,images/36cd86050efe.jpg,49.258997,47,3
36d012705818,images/36d012705818.jpg,53.695196,172,3
36f05ac2d81c,images/36f05ac2d81c.jpg,61.692695,258,3
36f85405d8a3,images/36f85405d8a3.jpg,50.795155,255,3
36f8db8bc5ab,images/36f8db8bc5ab.jpg,48.010988,207,3
3726c718fd92,images/3726c718fd92.jpg,61.692695,258,3
373deab9912d,images/373deab9912d.jpg,27.245549,271,1
374c06654d76,images/374c06654d76.jpg,4.0,248,0
37573808cad1,images/37573808cad1.jpg,4.0,189,0
375b4d96d60e,images/375b4d96d60e.jpg,41.142443,205,2
3761375108b3,images/3761375108b3.jpg,32.979939,253,1
378062169c85,images/378062169c85.jpg,32.163341,267,1
3794426099df,images/3794426099df.jpg,40.127926,10,2
37a7be0cbbec,images/37a7be0cbbec.jpg,4.0,234,0
37b4fbb8be05,images/37b4fbb8be05.jpg,47.184219,243,2
37d1d3d74883,images/37d1d3d74883.jpg,32.979939,253,1
37d9d14cc83b,images/37d9d14cc83b.jpg,41.446886,38,2
37ded0bc048e,images/37ded0bc048e.jpg,47.895442,233,2
3809be19651a,images/3809be19651a.jpg,48.029351,150,3
38154bdce64a,images/38154bdce64a.jpg,66.177195,270,3
3820e8e691c7,images/3820e8e691c7.jpg,61.679352,241,3
38420f9c5ba1,images/38420f9c5ba1.jpg,44.703479,109,2
384e2a3b6ed5,images/384e2a3b6ed5.jpg,56.428837,268,3
385b88be202d,images/385b88be202d.jpg,4.0,252,0
3866efdbe591,images/3866efdbe591.jpg,32.979939,253,1
38736a893804,images/38736a893804.jpg,4.0,58,0
38758ae80a44,images/38758ae80a44.jpg,65.445156,247,3
38a2998adf54,images/38a2998adf54.jpg,46.006276,265,2
38bb12bad582,images/38bb12bad582.jpg,61.599305,132,3
38be53300891,images/38be53300891.jpg,47.747842,213,2
38c6f6902114,images/38c6f6902114.jpg,50.795155,255,3
38c9fee2044b,images/38c9fee2044b.jpg,47.362978,137,2
38cea0feea5b,images/38cea0feea5b.jpg,28.0,10,1
38e2a3072317,images/38e2a3072317.jpg,47.124935,248,2
38e7c419af00,images/38e7c419af00.jpg,4.0,10,0
38f20b434d50,images/38f20b434d50.jpg,28.0,19,1
39023a8e5c39,images/39023a8e5c39.jpg,27.245549,271,1
39071573d691,images/39071573d691.jpg,49.9277,33,3
390fc7089073,images/390fc7089073.jpg,48.49544,132,3
391bf2b80344,images/391bf2b80344.jpg,66.177195,270,3
3920a0e7971e,images/3920a0e7971e.jpg,32.163341,267,1
39561ecfb150,images/39561ecfb150.jpg,48.459726,182,3
396154932167,images/396154932167.jpg,50.433723,264,3
396a54c02389,images/396a54c02389.jpg,46.354813,220,2
39797cc6f1a6,images/39797cc6f1a6.jpg,44.126016,261,2
3986af399c60,images/3986af399c60.jpg,27.245549,271,1
39881d2f2707,images/39881d2f2707.jpg,53.843117,182,3
399e7ff9374c,images/399e7ff9374c.jpg,28.0,20,1
399fc6810122,images/399fc6810122.jpg,44.126016,261,2
39a4521fa336,images/39a4521fa336.jpg,4.0,21,0
39a4b50bb5a2,images/39a4b50bb5a2.jpg,65.445156,247,3
39c16dbf338a,images/39c16dbf338a.jpg,27.246714,232,1
39cc193c0536,images/39cc193c0536.jpg,47.895442,233,2
39d20975d89a,images/39d20975d89a.jpg,47.867833,163,2
39dd4296debc,images/39dd4296debc.jpg,4.0,218,0
3a007664098a,images/3a007664098a.jpg,49.610923,264,3
3a01e7789c3c,images/3a01e7789c3c.jpg,49.610923,264,3
3a373d6aa994,images/3a373d6aa994.jpg,66.827561,254,3
3a3c406e0c6d,images/3a3c406e0c6d.jpg,4.0,138,0
3a45e5613e7a,images/3a45e5613e7a.jpg,27.245549,271,1
3a6f78ed45e0,images/3a6f78ed45e0.jpg,47.184219,243,2
3a778124231e,images/3a778124231e.jpg,66.177195,270,3
3a89d9ffb34e,images/3a89d9ffb34e.jpg,32.979939,253,1
3a913bb85340,images/3a913bb85340.jpg,61.655076,178,3
3a93eae5d068,images/3a93eae5d068.jpg,27.245549,271,1
3aa0738882a8,images/3aa0738882a8.jpg,47.772354,170,2
3aacd910695d,images/3aacd910695d.jpg,55.168453,132,3
3adf857fff91,images/3adf857fff91.jpg,33.569643,182,1
3aea59bd5aec,images/3aea59bd5aec.jpg,27.245549,271,1
3af33ed5d01c,images/3af33ed5d01c.jpg,45.401358,148,2
3b0f6a095bf0,images/3b0f6a095bf0.jpg,28.0,260,1
3b13685c0526,images/3b13685c0526.jpg,4.0,210,0
3b227d39a5a4,images/3b227d39a5a4.jpg,20.453332,86,1
3b2ebc708509,images/3b2ebc708509.jpg,4.0,10,0
3b3391bb36fa,images/3b3391bb36fa.jpg,59.014794,203,3
3b53ec4231ec,images/3b53ec4231ec.jpg,61.679352,241,3
3b63ceb25495,images/3b63ceb25495.jpg,47.772354,170,2
3b696eee4aac,images/3b696eee4aac.jpg,27.245549,271,1
3b6d7243d9b9,images/3b6d7243d9b9.jpg,32.163341,267,1
3b76235cf912,images/3b76235cf912.jpg,4.0,234,0
3b8403f12273,images/3b8403f12273.jpg,50.795155,255,3
3b8583783793,images/3b8583783793.jpg,48.459726,182,3
3ba0c5b7c515,images/3ba0c5b7c515.jpg,53.843117,182,3
3ba18397cb80,images/3ba18397cb80.jpg,60.847692,245,3
3bbb292eb3d2,images/3bbb292eb3d2.jpg,4.0,248,0
3bcd742f2d0b,images/3bcd742f2d0b.jpg,27.245549,271,1
3bda732efd9b,images/3bda732efd9b.jpg,46.172883,265,2
3bddcd50263f,images/3bddcd50263f.jpg,60.847692,245,3
3bde24f3fc29,images/3bde24f3fc29.jpg,27.245549,271,1
3bdee8792ca0,images/3bdee8792ca0.jpg,60.847692,245,3
3bdfa0755dfa,images/3bdfa0755dfa.jpg,49.610923,264,3
3be116d263fe,images/3be116d263fe.jpg,47.91948,266,2
3be192e1c07f,images/3be192e1c07f.jpg,28.0,260,1
3bf01d324786,images/3bf01d324786.jpg,47.184219,243,2
3bf4e345be19,images/3bf4e345be19.jpg,52.949495,254,3
3bf5a0d5f94a,images/3bf5a0d5f94a.jpg,32.163341,267,1
3c14ea4ece68,images/3c14ea4ece68.jpg,53.843117,182,3
3c17585dac8c,images/3c17585dac8c.jpg,28.0,260,1
3c23dedaa043,images/3c23dedaa043.jpg,47.913407,182,2
3c2babaad661,images/3c2babaad661.jpg,66.827561,254,3
3c318d516484,images/3c318d516484.jpg,65.445156,247,3
3c3b37083671,images/3c3b37083671.jpg,47.184219,243,2
3c4c4efeaa5c,images/3c4c4efeaa5c.jpg,61.692695,258,3
3c5130c4eeca,images/3c5130c4eeca.jpg,0.0,83,0
3c5bc14fbab0,images/3c5bc14fbab0.jpg,50.795155,255,3
3c5f04771e1e,images/3c5f04771e1e.jpg,48.49544,132,3
3c6be00cc277,images/3c6be00cc277.jpg,27.245549,271,1
3c89adf91f98,images/3c89adf91f98.jpg,49.610923,264,3
3c8f7c56d01f,images/3c8f7c56d01f.jpg,33.219347,241,1
3c92e80834ab,images/3c92e80834ab.jpg,27.245549,271,1
3c9436187d19,images/3c9436187d19.jpg,53.345854,259,3
3caa3b6a1187,images/3caa3b6a1187.jpg,46.091598,250,2
3cac53f5ed12,images/3cac53f5ed12.jpg,65.445156,247,3
3cb056fe42d9,images/3cb056fe42d9.jpg,4.0,249,0
3cb663eb2939,images/3cb663eb2939.jpg,28.0,78,1
3cb9f1431336,images/3cb9f1431336.jpg,66.827561,254,3
3cbdd9936ab0,images/3cbdd9936ab0.jpg,50.795155,255,3
3ccdd09436bb,images/3ccdd09436bb.jpg,47.91948,266,2
3cce68320936,images/3cce68320936.jpg,33.219347,241,1
3cf04ff5e3de,images/3cf04ff5e3de.jpg,4.0,218,0
3d0401e07b9c,images/3d0401e07b9c.jpg,66.015906,230,3
3d12e6eed0c5,images/3d12e6eed0c5.jpg,49.675993,96,3
3d18698b87ab,images/3d18698b87ab.jpg,46.395266,265,2
3d1ac9f1f9bb,images/3d1ac9f1f9bb.jpg,32.979939,253,1
3d1fba14064f,images/3d1fba14064f.jpg,18.657812,149,1
3d31b76b9044,images/3d31b76b9044.jpg,47.91948,266,2
3d394600b4e3,images/3d394600b4e3.jpg,60.847692,245,3
3d3f9ebffa28,images/3d3f9ebffa28.jpg,31.404094,267,1
3d47c6d2d938,images/3d47c6d2d938.jpg,4.0,210,0
3d57aedd8193,images/3d57aedd8193.jpg,50.795155,255,3
3d7bc681caab,images/3d7bc681caab.jpg,47.808619,10,2
3d84c8cb2c50,images/3d84c8cb2c50.jpg,59.014794,203,3
3d90713b3f45,images/3d90713b3f45.jpg,41.442148,22,2
3daf0eaa20a9,images/3daf0eaa20a9.jpg,41.075223,205,2
3db4850181a0,images/3db4850181a0.jpg,50.795155,255,3
3db4b9a5e068,images/3db4b9a5e068.jpg,61.692695,258,3
3db85849161b,images/3db85849161b.jpg,50.795155,255,3
3dbb454eed01,images/3dbb454eed01.jpg,32.979939,253,1
3dcab3fa8b77,images/3dcab3fa8b77.jpg,32.163341,267,1
3dcda86662ac,images/3dcda86662ac.jpg,48.045059,248,3
3dd86d137a1c,images/3dd86d137a1c.jpg,50.142773,188,3
3dda7a7f7307,images/3dda7a7f7307.jpg,47.78352,268,2
3de26363ea74,images/3de26363ea74.jpg,4.0,10,0
3e006b235f4e,images/3e006b235f4e.jpg,47.78352,268,2
3e04701ef6ff,images/3e04701ef6ff.jpg,4.0,189,0
3e137e2f5bd9,images/3e137e2f5bd9.jpg,35.593296,82,2
3e168a042872,images/3e168a042872.jpg,44.126016,261,2
3e179bb165da,images/3e179bb165da.jpg,61.679352,241,3
3e35efc3fb16,images/3e35efc3fb16.jpg,27.245549,271,1
3e5ab34136ff,images/3e5ab34136ff.jpg,27.245549,271,1
3e6f0ee6da95,images/3e6f0ee6da95.jpg,50.433723,264,3
3e75f49aa14c,images/3e75f49aa14c.jpg,61.612268,236,3
3e769ffa5bbf,images/3e769ffa5bbf.jpg,46.395266,265,2
3e7fa6ba71c4,images/3e7fa6ba71c4.jpg,25.175357,23,1
3e862f89a283,images/3e862f89a283.jpg,32.163341,267,1
3e9b5baeea9d,images/3e9b5baeea9d.jpg,61.612268,236,3
3e9c8fc9c66d,images/3e9c8fc9c66d.jpg,41.776567,262,2
3eb2809ecb67,images/3eb2809ecb67.jpg,52.949495,254,3
3eba97e36db9,images/3eba97e36db9.jpg,61.692695,258,3
3ebb2d9ffa38,images/3ebb2d9ffa38.jpg,61.692695,258,3
3ed766bfee62,images/3ed766bfee62.jpg,4.0,269,0
3ee49c98bad3,images/3ee49c98bad3.jpg,0.0,10,0
3eea7d20d587,images/3eea7d20d587.jpg,33.219347,241,1
3eebfbd9562f,images/3eebfbd9562f.jpg,4.0,135,0
3f04057d2230,images/3f04057d2230.jpg,33.219347,241,1
3f22ff5640c8,images/3f22ff5640c8.jpg,46.091598,250,2
3f32ca4d1793,images/3f32ca4d1793.jpg,49.667882,55,3
3f3aaef7b059,images/3f3aaef7b059.jpg,28.0,10,1
3f44780eadcb,images/3f44780eadcb.jpg,50.433723,264,3
3f54b5e413dc,images/3f54b5e413dc.jpg,60.65067,124,3
3f80936fb9bc,images/3f80936fb9bc.jpg,65.445156,247,3
3f858c88d4ee,images/3f858c88d4ee.jpg,50.433723,264,3
3f88cb354a85,images/3f88cb354a85.jpg,45.653811,220,2
3f8b18366fda,images/3f8b18366fda.jpg,47.283467,243,2
3f9a714bea20,images/3f9a714bea20.jpg,47.889289,126,2
3f9bfaf0eb6d,images/3f9bfaf0eb6d.jpg,57.400559,137,3
3fa2e24bde29,images/3fa2e24bde29.jpg,58.988917,216,3
3fdb233875a6,images/3fdb233875a6.jpg,50.795155,255,3
3fe2d30ba73c,images/3fe2d30ba73c.jpg,47.29499,248,2
400deb203550,images/400deb203550.jpg,4.0,10,0
40139ba88435,images/40139ba88435.jpg,53.208938,242,3
4020503d3083,images/4020503d3083.jpg,61.692695,258,3
40494b2e381a,images/40494b2e381a.jpg,4.0,252,0
405e3943985e,images/405e3943985e.jpg,48.029351,150,3
4097377a8539,images/4097377a8539.jpg,46.395266,265,2
40a4f11d6f38,images/40a4f11d6f38.jpg,25.172887,10,1
40aab5e6c1f9,images/40aab5e6c1f9.jpg,28.0,260,1
40cba4522446,images/40cba4522446.jpg,34.190379,177,1
40cfb6afb190,images/40cfb6afb190.jpg,0.0,24,0
40edc37c993d,images/40edc37c993d.jpg,4.0,225,0
40f2a70ae7fd,images/40f2a70ae7fd.jpg,48.010988,207,3
40fb3a8c88f2,images/40fb3a8c88f2.jpg,53.210447,242,3
410d49196cea,images/410d49196cea.jpg,47.895442,233,2
4117f5cc1b85,images/4117f5cc1b85.jpg,65.445156,247,3
41195171fbb8,images/41195171fbb8.jpg,48.010988,207,3
411a01ae2d10,images/411a01ae2d10.jpg,27.246714,232,1
412f6b06f965,images/412f6b06f965.jpg,53.208938,242,3
4131b342b16a,images/4131b342b16a.jpg,61.692695,258,3
413a61b1a526,images/413a61b1a526.jpg,61.533161,254,3
414d4d45897a,images/414d4d45897a.jpg,48.459726,182,3
414decc62ea5,images/414decc62ea5.jpg,46.232026,33,2
415ea71569da,images/415ea71569da.jpg,39.80436,10,2
4178ea4b0d58,images/4178ea4b0d58.jpg,4.0,218,0
41a7cfc5b43e,images/41a7cfc5b43e.jpg,47.788986,235,2
41ba8c8fd108,images/41ba8c8fd108.jpg,61.692695,258,3
41cd625b4d34,images/41cd625b4d34.jpg,41.142443,205,2
41d9f82e7768,images/41d9f82e7768.jpg,27.246714,232,1
41db1d2e914f,images/41db1d2e914f.jpg,4.0,173,0
41e38a3c84b4,images/41e38a3c84b4.jpg,0.0,25,0
41f28bbdfda4,images/41f28bbdfda4.jpg,33.219347,241,1
41f85735ca1d,images/41f85735ca1d.jpg,4.0,206,0
4209c2745974,images/4209c2745974.jpg,4.0,121,0
421440ad8ab6,images/421440ad8ab6.jpg,33.569643,182,1
422660f04581,images/422660f04581.jpg,53.833817,214,3
424464485ef8,images/424464485ef8.jpg,0.0,26,0
42473d5e07af,images/42473d5e07af.jpg,4.0,138,0
4269f932bcd9,images/4269f932bcd9.jpg,27.245549,271,1
4294e5a580c5,images/4294e5a580c5.jpg,47.265455,137,2
42a35fdd4d05,images/42a35fdd4d05.jpg,47.867833,163,2
42a5ee5a4f8d,images/42a5ee5a4f8d.jpg,53.843117,182,3
42ac21a6d522,images/42ac21a6d522.jpg,4.0,210,0
42c31b93afd6,images/42c31b93afd6.jpg,4.0,251,0
42c72f384bd8,images/42c72f384bd8.jpg,61.692695,258,3
42cbcf37f2b9,images/42cbcf37f2b9.jpg,50.965453,27,3
42f07375e804,images/42f07375e804.jpg,66.177195,270,3
42f14dbd7267,images/42f14dbd7267.jpg,39.598697,28,2
4318d5155a99,images/4318d5155a99.jpg,61.692695,258,3
4352fa41735b,images/4352fa41735b.jpg,4.0,269,0
435b5373bc3d,images/435b5373bc3d.jpg,4.0,70,0
436fa8bb0ee7,images/436fa8bb0ee7.jpg,52.949495,254,3
4385f81b463c,images/4385f81b463c.jpg,4.0,251,0
4388ef51761c,images/4388ef51761c.jpg,50.795155,255,3
438af848eb29,images/438af848eb29.jpg,61.692695,258,3
439066d3de56,images/439066d3de56.jpg,4.0,114,0
43a33fcde485,images/43a33fcde485.jpg,53.210447,242,3
43a5b99c93dc,images/43a5b99c93dc.jpg,48.138003,168,3
43ae450c92cb,images/43ae450c92cb.jpg,41.776567,262,2
43e8d67ddc76,images/43e8d67ddc76.jpg,4.0,218,0
43f4fc25834d,images/43f4fc25834d.jpg,27.246714,232,1
44194e00020a,images/44194e00020a.jpg,32.308378,267,1
44382e4f7892,images/44382e4f7892.jpg,61.692695,258,3
443acc91332c,images/443acc91332c.jpg,31.404094,267,1
444c5472bcdf,images/444c5472bcdf.jpg,28.0,260,1
447abfe65aab,images/447abfe65aab.jpg,53.208938,242,3
447d8faf1a21,images/447d8faf1a21.jpg,61.692695,258,3
44881c0a9cbf,images/44881c0a9cbf.jpg,47.91948,266,2
448a2c506809,images/448a2c506809.jpg,50.795155,255,3
4495693de7c5,images/4495693de7c5.jpg,4.0,29,0
44a5a71a7da0,images/44a5a71a7da0.jpg,65.445156,247,3
44ba04cb59ad,images/44ba04cb59ad.jpg,4.0,251,0
44c0a134daec,images/44c0a134daec.jpg,31.404094,267,1
44c250a58bee,images/44c250a58bee.jpg,4.0,107,0
44c2e3aa5f3a,images/44c2e3aa5f3a.jpg,4.0,138,0
44c4f3db5a75,images/44c4f3db5a75.jpg,27.246714,232,1
44d80e6d009c,images/44d80e6d009c.jpg,4.0,10,0
44d831fa9e62,images/44d831fa9e62.jpg,50.142773,188,3
44f22edcc3d9,images/44f22edcc3d9.jpg,50.795155,255,3
45036383f4b6,images/45036383f4b6.jpg,32.979939,253,1
4515026f844f,images/4515026f844f.jpg,48.086044,154,3
4517fc30fdb7,images/4517fc30fdb7.jpg,4.0,269,0
4519701eb088,images/4519701eb088.jpg,44.696351,13,2
4523cc33d1af,images/4523cc33d1af.jpg,4.0,198,0
45304843dcee,images/45304843dcee.jpg,4.0,227,0
4531b94a1f0f,images/4531b94a1f0f.jpg,23.298561,10,1
4533d0297dd7,images/4533d0297dd7.jpg,46.006276,265,2
4541db61c09d,images/4541db61c09d.jpg,61.655076,178,3
454a88687d9e,images/454a88687d9e.jpg,4.0,252,0
454d2f3176fc,images/454d2f3176fc.jpg,28.0,10,1
4561fc0b1a89,images/4561fc0b1a89.jpg,4.0,251,0
4562e7657390,images/4562e7657390.jpg,30.250625,246,1
4566ca3b5d66,images/4566ca3b5d66.jpg,47.770235,222,2
45673c315972,images/45673c315972.jpg,61.692695,258,3
45685aa3d287,images/45685aa3d287.jpg,53.833817,214,3
45728f55ebbc,images/45728f55ebbc.jpg,39.405387,10,2
45891d532c4f,images/45891d532c4f.jpg,4.0,10,0
458cda591d5c,images/458cda591d5c.jpg,47.756154,257,2
459dba43b376,images/459dba43b376.jpg,4.0,234,0
45b24270382c,images/45b24270382c.jpg,33.219347,241,1
45b5b67ae641,images/45b5b67ae641.jpg,48.459726,182,3
45b9b7aaea22,images/45b9b7aaea22.jpg,61.599305,132,3
45f7e9734305,images/45f7e9734305.jpg,50.795155,255,3
460b60d9d58c,images/460b60d9d58c.jpg,46.968348,243,2
461415143ea0,images/461415143ea0.jpg,47.788986,235,2
46401e4722dd,images/46401e4722dd.jpg,49.053544,30,3
46601b0f0767,images/46601b0f0767.jpg,47.91948,266,2
4661a9d0391f,images/4661a9d0391f.jpg,61.692695,258,3
4668f2432490,images/4668f2432490.jpg,4.0,179,0
466d7b64aa19,images/466d7b64aa19.jpg,61.692695,258,3
46865406f3f2,images/46865406f3f2.jpg,33.219347,241,1
4692f3fea2ce,images/4692f3fea2ce.jpg,48.029351,150,3
4693c5e0d318,images/4693c5e0d318.jpg,4.0,107,0
469a271b8acb,images/469a271b8acb.jpg,47.992476,101,2
46b67d1c2f43,images/46b67d1c2f43.jpg,47.895442,233,2
46b9cb76897d,images/46b9cb76897d.jpg,41.776567,262,2
46c060ccbc81,images/46c060ccbc81.jpg,50.433723,264,3
46cc341f856c,images/46cc341f856c.jpg,53.81062,34,3
46ed112f3822,images/46ed112f3822.jpg,31.404094,267,1
470440c594b5,images/470440c594b5.jpg,43.271793,31,2
4709ef35d660,images/4709ef35d660.jpg,27.246714,232,1
47124339e3a9,images/47124339e3a9.jpg,28.0,32,1
4714482c9612,images/4714482c9612.jpg,47.91948,266,2
4719f66c3cc0,images/4719f66c3cc0.jpg,48.029351,150,3
471d040ba3b5,images/471d040ba3b5.jpg,50.142773,188,3
471d3aad53ff,images/471d3aad53ff.jpg,4.0,218,0
4721023c349e,images/4721023c349e.jpg,4.0,194,0
4722539142b9,images/4722539142b9.jpg,4.0,228,0
472f7e84fc7b,images/472f7e84fc7b.jpg,26.109484,260,1
4731a2ff3c75,images/4731a2ff3c75.jpg,66.827561,254,3
473f3476481b,images/473f3476481b.jpg,43.74953,164,2
474fa3c317e1,images/474fa3c317e1.jpg,61.599305,132,3
476272ae7f65,images/476272ae7f65.jpg,4.0,162,0
476905e2f9c3,images/476905e2f9c3.jpg,60.371676,151,3
4786a63e0767,images/4786a63e0767.jpg,59.014794,203,3
4789baac3abd,images/4789baac3abd.jpg,4.0,210,0
47904e785718,images/47904e785718.jpg,4.0,209,0
47a340e64e37,images/47a340e64e37.jpg,4.0,251,0
47a5ab35b7da,images/47a5ab35b7da.jpg,26.109484,260,1
47adb50633a3,images/47adb50633a3.jpg,58.643438,216,3
47af3269ab4f,images/47af3269ab4f.jpg,47.184219,243,2
47b49a3e0592,images/47b49a3e0592.jpg,47.889289,126,2
47c40ccd5a25,images/47c40ccd5a25.jpg,50.795155,255,3
47d49f75212c,images/47d49f75212c.jpg,61.692695,258,3
47e62333e706,images/47e62333e706.jpg,4.0,112,0
47f7e84cf5e2,images/47f7e84cf5e2.jpg,45.474809,173,2
480ac1005e2d,images/480ac1005e2d.jpg,60.290948,245,3
482686f3a9bd,images/482686f3a9bd.jpg,61.692695,258,3
48282bd48b12,images/48282bd48b12.jpg,27.245549,271,1
482c28d0e43a,images/482c28d0e43a.jpg,4.0,10,0
4836ef901ef6,images/4836ef901ef6.jpg,4.0,218,0
4851ed40ee73,images/4851ed40ee73.jpg,49.818518,132,3
4852b7aab092,images/4852b7aab092.jpg,28.0,260,1
486f7de856e3,images/486f7de856e3.jpg,49.877868,46,3
4871fe93dfc8,images/4871fe93dfc8.jpg,47.948337,202,2
48722104b32d,images/48722104b32d.jpg,33.219347,241,1
488da5a68d1f,images/488da5a68d1f.jpg,0.0,130,0
48902f0f2984,images/48902f0f2984.jpg,41.075223,205,2
48ae58594624,images/48ae58594624.jpg,27.245549,271,1
48bbac2ff369,images/48bbac2ff369.jpg,61.692695,258,3
48c3d231c8e4,images/48c3d231c8e4.jpg,49.610923,264,3
48c7922d0ac6,images/48c7922d0ac6.jpg,4.0,33,0
48d4cf03f88a,images/48d4cf03f88a.jpg,30.373774,10,1
48d7939e18c9,images/48d7939e18c9.jpg,4.0,269,0
48ddfa313c83,images/48ddfa313c83.jpg,59.79096,244,3
48e77adcd01d,images/48e77adcd01d.jpg,58.324159,52,3
48e78335602c,images/48e78335602c.jpg,46.172883,265,2
48e7a63bb36e,images/48e7a63bb36e.jpg,44.22344,155,2
48eeea28c510,images/48eeea28c510.jpg,59.014794,203,3
48f1382a5f0c,images/48f1382a5f0c.jpg,4.0,10,0
48f3c90e315b,images/48f3c90e315b.jpg,50.795155,255,3
48faa1f9f019,images/48faa1f9f019.jpg,50.753006,10,3
49009d7238c6,images/49009d7238c6.jpg,4.0,10,0
49265a49fde0,images/49265a49fde0.jpg,41.776567,262,2
494445f2eb5d,images/494445f2eb5d.jpg,49.551765,264,3
494f18cc5269,images/494f18cc5269.jpg,50.795155,255,3
496cc392dc33,images/496cc392dc33.jpg,50.433723,264,3
496fc4991c30,images/496fc4991c30.jpg,47.78352,268,2
497aa5a8497b,images/497aa5a8497b.jpg,4.0,269,0
49898701d145,images/49898701d145.jpg,27.245549,271,1
498bf157fc8e,images/498bf157fc8e.jpg,4.0,10,0
49b2bb252d38,images/49b2bb252d38.jpg,27.245549,271,1
49c85e42af06,images/49c85e42af06.jpg,4.0,218,0
49cfe68aa178,images/49cfe68aa178.jpg,61.748616,224,3
49e62d5e116d,images/49e62d5e116d.jpg,4.0,269,0
49eca3cf8e1f,images/49eca3cf8e1f.jpg,50.795155,255,3
49f9a98d1d1b,images/49f9a98d1d1b.jpg,61.304014,132,3
4a124142d5f4,images/4a124142d5f4.jpg,4.0,269,0
4a2647febbd7,images/4a2647febbd7.jpg,59.014794,203,3
4a2a9b5a1072,images/4a2a9b5a1072.jpg,32.979939,253,1
4a2c85344a66,images/4a2c85344a66.jpg,53.208938,242,3
4a3094f9c24d,images/4a3094f9c24d.jpg,27.245549,271,1
4a3141d5f577,images/4a3141d5f577.jpg,41.142443,205,2
4a341af69428,images/4a341af69428.jpg,50.795155,255,3
4a3464ca08d9,images/4a3464ca08d9.jpg,26.313871,62,1
4a37de440d37,images/4a37de440d37.jpg,48.634324,132,3
4a58982d35a5,images/4a58982d35a5.jpg,47.895442,233,2
4a63c7e814de,images/4a63c7e814de.jpg,53.817379,34,3
4a6681cde4a6,images/4a6681cde4a6.jpg,4.0,218,0
4a6bac6758a7,images/4a6bac6758a7.jpg,34.190379,177,1
4a8b2760c9a7,images/4a8b2760c9a7.jpg,50.28012,10,3
4a8f6f17675b,images/4a8f6f17675b.jpg,31.404094,267,1
4a90381179e2,images/4a90381179e2.jpg,61.692695,258,3
4a9f912be9e1,images/4a9f912be9e1.jpg,41.776567,262,2
4a9fc1befdd8,images/4a9fc1befdd8.jpg,41.142443,205,2
4ab08017c3e4,images/4ab08017c3e4.jpg,4.0,218,0
4ab3c81a240e,images/4ab3c81a240e.jpg,50.433723,264,3
4abf46e81a8a,images/4abf46e81a8a.jpg,34.190379,177,1
4ae7bad352ac,images/4ae7bad352ac.jpg,41.776567,262,2
4af8411eb656,images/4af8411eb656.jpg,4.0,269,0
4b0625e5632c,images/4b0625e5632c.jpg,61.748616,224,3
4b27d8a6efe2,images/4b27d8a6efe2.jpg,61.114882,182,3
4b349b10c973,images/4b349b10c973.jpg,41.09006,205,2
4b3a4fb3ca53,images/4b3a4fb3ca53.jpg,32.163341,267,1
4b63ecb0d561,images/4b63ecb0d561.jpg,4.0,165,0
4b72b96e0416,images/4b72b96e0416.jpg,0.0,35,0
4b75647290f7,images/4b75647290f7.jpg,47.823675,172,2
4b8698b31b37,images/4b8698b31b37.jpg,33.167358,36,1
4b86cec270f2,images/4b86cec270f2.jpg,31.909887,197,1
4b9b712b33a3,images/4b9b712b33a3.jpg,4.0,218,0
4bbfc1f61d82,images/4bbfc1f61d82.jpg,48.029351,150,3
4bc215ab2c2c,images/4bc215ab2c2c.jpg,50.795155,255,3
4bc6b206a49c,images/4bc6b206a49c.jpg,60.371676,151,3
4be37cb860c4,images/4be37cb860c4.jpg,4.0,107,0
4be4c257fb78,images/4be4c257fb78.jpg,0.0,37,0
4bf08ec039b7,images/4bf08ec039b7.jpg,61.679352,241,3
4bf1316f1b8d,images/4bf1316f1b8d.jpg,60.998958,182,3
4bf220f60608,images/4bf220f60608.jpg,32.979939,253,1
4bf6e00fed3a,images/4bf6e00fed3a.jpg,32.163341,267,1
4bf9cf1b98f8,images/4bf9cf1b98f8.jpg,4.0,130,0
4bfb26830bdf,images/4bfb26830bdf.jpg,25.191604,260,1
4bfb5e81306b,images/4bfb5e81306b.jpg,47.952342,239,2
4bfe61bdcc85,images/4bfe61bdcc85.jpg,32.979939,253,1
4c1492b846d8,images/4c1492b846d8.jpg,4.0,10,0
4c1ab6016e9f,images/4c1ab6016e9f.jpg,48.138003,168,3
4c23f6e8d698,images/4c23f6e8d698.jpg,0.0,10,0
4c270f5a3036,images/4c270f5a3036.jpg,4.0,249,0
4c3b1a1b7e36,images/4c3b1a1b7e36.jpg,4.0,251,0
4c3ea8d047ce,images/4c3ea8d047ce.jpg,47.184219,243,2
4c473c65ac01,images/4c473c65ac01.jpg,48.029351,150,3
4c4aa51879bf,images/4c4aa51879bf.jpg,27.245549,271,1
4c4e652d5a33,images/4c4e652d5a33.jpg,53.843117,182,3
4c59bd6c4b99,images/4c59bd6c4b99.jpg,61.692695,258,3
4c5ca07f2519,images/4c5ca07f2519.jpg,32.979939,253,1
4c663e14e385,images/4c663e14e385.jpg,48.029351,150,3
4c67d5b053a6,images/4c67d5b053a6.jpg,60.847692,245,3
4c6be5cc00a2,images/4c6be5cc00a2.jpg,4.0,10,0
4c733a1f5654,images/4c733a1f5654.jpg,61.125289,132,3
4c73cc688043,images/4c73cc688043.jpg,47.107884,10,2
4c828c473029,images/4c828c473029.jpg,32.979939,253,1
4c8da6e180ed,images/4c8da6e180ed.jpg,4.0,189,0
4ca7966273b6,images/4ca7966273b6.jpg,53.843117,182,3
4cb52314cd53,images/4cb52314cd53.jpg,50.433723,264,3
4cb99ed76a87,images/4cb99ed76a87.jpg,61.679352,241,3
4cba6281de44,images/4cba6281de44.jpg,44.761437,38,2
4cba742016f0,images/4cba742016f0.jpg,61.612268,236,3
4cbaf7711920,images/4cbaf7711920.jpg,30.022956,4,1
4cbba5049ca2,images/4cbba5049ca2.jpg,52.949495,254,3
4cbd0258789c,images/4cbd0258789c.jpg,50.433723,264,3
4cc9ada3a694,images/4cc9ada3a694.jpg,47.788986,235,2
4cccb0b0a091,images/4cccb0b0a091.jpg,4.0,138,0
4cde26916371,images/4cde26916371.jpg,32.979939,253,1
4cf416087cbc,images/4cf416087cbc.jpg,52.769571,248,3
4d1500d388c4,images/4d1500d388c4.jpg,4.0,218,0
4d1c0b285109,images/4d1c0b285109.jpg,48.029351,150,3
4d3d9aa7fb69,images/4d3d9aa7fb69.jpg,28.0,260,1
4d3fdbc67fe8,images/4d3fdbc67fe8.jpg,52.949495,254,3
4d62a5b60e51,images/4d62a5b60e51.jpg,61.692695,258,3
4d6c8b0d2572,images/4d6c8b0d2572.jpg,32.163341,267,1
4d716443ae73,images/4d716443ae73.jpg,66.827561,254,3
4d73ff9fd80c,images/4d73ff9fd80c.jpg,34.190379,177,1
4d7f18350d52,images/4d7f18350d52.jpg,47.756154,257,2
4d9ea6779604,images/4d9ea6779604.jpg,4.0,10,0
4dabeb16e066,images/4dabeb16e066.jpg,61.748616,224,3
4dabf489ef20,images/4dabf489ef20.jpg,4.0,251,0
4dbcfcbd2c08,images/4dbcfcbd2c08.jpg,31.404094,267,1
4dc1e636927c,images/4dc1e636927c.jpg,47.756154,257,2
4dc3cf2e3699,images/4dc3cf2e3699.jpg,43.286548,134,2
4dc40901b791,images/4dc40901b791.jpg,4.0,234,0
4df0ab470761,images/4df0ab470761.jpg,28.0,260,1
4dfe1adc0770,images/4dfe1adc0770.jpg,18.657812,149,1
4e03602a5664,images/4e03602a5664.jpg,53.843117,182,3
4e0eceb3d3f5,images/4e0eceb3d3f5.jpg,28.0,10,1
4e159ac3a71b,images/4e159ac3a71b.jpg,50.795155,255,3
4e21e92b25c1,images/4e21e92b25c1.jpg,25.467926,86,1
4e29ca093071,images/4e29ca093071.jpg,48.038821,207,3
4e3d232b89e6,images/4e3d232b89e6.jpg,4.0,121,0
4e40451fb628,images/4e40451fb628.jpg,52.949495,254,3
4e4438900fd1,images/4e4438900fd1.jpg,61.601185,192,3
4e552c257b3f,images/4e552c257b3f.jpg,49.647034,119,3
4e6a9482537c,images/4e6a9482537c.jpg,48.459726,182,3
4e882c42c20a,images/4e882c42c20a.jpg,48.029351,150,3
4ea5eb791ffe,images/4ea5eb791ffe.jpg,48.610049,132,3
4ea6c4da1294,images/4ea6c4da1294.jpg,61.692695,258,3
4ebb6e8fe4f5,images/4ebb6e8fe4f5.jpg,48.506613,182,3
4ecace4e5f20,images/4ecace4e5f20.jpg,25.832329,260,1
4ecfd813c43b,images/4ecfd813c43b.jpg,46.032009,256,2
4ee64d625709,images/4ee64d625709.jpg,47.895442,233,2
4ee756156555,images/4ee756156555.jpg,32.979939,253,1
4f0edc2c46e8,images/4f0edc2c46e8.jpg,44.126016,261,2
4f1088428c3c,images/4f1088428c3c.jpg,65.445156,247,3
4f1161adca1f,images/4f1161adca1f.jpg,32.979939,253,1
4f1361cb4d55,images/4f1361cb4d55.jpg,55.148156,132,3
4f143b592f39,images/4f143b592f39.jpg,42.580627,10,2
4f171a6e5d8c,images/4f171a6e5d8c.jpg,66.827561,254,3
4f1927419758,images/4f1927419758.jpg,61.599305,132,3
4f4573af07ba,images/4f4573af07ba.jpg,61.692695,258,3
4f4bd57cc894,images/4f4bd57cc894.jpg,32.979939,253,1
4f542ca57d8b,images/4f542ca57d8b.jpg,49.675993,96,3
4f5fae4d4368,images/4f5fae4d4368.jpg,33.569643,182,1
4f77305a661f,images/4f77305a661f.jpg,4.0,107,0
4f86bf153a5c,images/4f86bf153a5c.jpg,47.283467,243,2
4f878a41f1d5,images/4f878a41f1d5.jpg,4.0,218,0
4f8aefe3d95c,images/4f8aefe3d95c.jpg,50.795155,255,3
4f93c452df8b,images/4f93c452df8b.jpg,41.780263,62,2
4f99930e0638,images/4f99930e0638.jpg,30.250625,246,1
4fa78e276c55,images/4fa78e276c55.jpg,50.795155,255,3
4faeef18d124,images/4faeef18d124.jpg,4.0,189,0
4fb334fce623,images/4fb334fce623.jpg,4.0,10,0
4fb46ee8d488,images/4fb46ee8d488.jpg,32.163341,267,1
4fd3dc7455cd,images/4fd3dc7455cd.jpg,30.250625,246,1
4fd5131e4da1,images/4fd5131e4da1.jpg,50.795155,255,3
4fda7735c5e6,images/4fda7735c5e6.jpg,4.0,39,0
4fe75b45e351,images/4fe75b45e351.jpg,47.78352,268,2
4feeaeef95c3,images/4feeaeef95c3.jpg,27.245549,271,1
4ff85859525c,images/4ff85859525c.jpg,65.445156,247,3
50036f5fdd12,images/50036f5fdd12.jpg,27.245549,271,1
500522813ddc,images/500522813ddc.jpg,47.889289,126,2
5009ff4ae640,images/5009ff4ae640.jpg,4.0,10,0
500f5a9b9cd7,images/500f5a9b9cd7.jpg,48.867664,151,3
50172ff57170,images/50172ff57170.jpg,61.612268,236,3
501d6f95193b,images/501d6f95193b.jpg,21.36164,40,1
5026ed4f9013,images/5026ed4f9013.jpg,32.163341,267,1
503d4b754ce7,images/503d4b754ce7.jpg,27.246714,232,1
50824e979d5d,images/50824e979d5d.jpg,59.493374,10,3
5092887db890,images/5092887db890.jpg,50.433723,264,3
509ad6360052,images/509ad6360052.jpg,4.0,10,0
50a29e16ca58,images/50a29e16ca58.jpg,0.0,41,0
50b22e142678,images/50b22e142678.jpg,46.032009,256,2
50b66787fdc4,images/50b66787fdc4.jpg,66.177195,270,3
50c8a512a9e4,images/50c8a512a9e4.jpg,25.832329,260,1
50d4dd550068,images/50d4dd550068.jpg,47.91948,266,2
50fe6e327369,images/50fe6e327369.jpg,65.445156,247,3
510fe914c918,images/510fe914c918.jpg,28.0,260,1
51125deb736a,images/51125deb736a.jpg,46.006276,265,2
512094c25506,images/512094c25506.jpg,47.91948,266,2
5126f55d2502,images/5126f55d2502.jpg,4.0,10,0
51277b5bb94b,images/51277b5bb94b.jpg,4.0,252,0
51379d053389,images/51379d053389.jpg,49.258997,47,3
5138eded15bd,images/5138eded15bd.jpg,4.0,10,0
516609622633,images/516609622633.jpg,4.0,165,0
51725110347d,images/51725110347d.jpg,4.0,252,0
518b837d1d96,images/518b837d1d96.jpg,44.857077,62,2
519d97faa9f5,images/519d97faa9f5.jpg,4.0,210,0
51be5af056e1,images/51be5af056e1.jpg,4.0,75,0
51c2f0c68b53,images/51c2f0c68b53.jpg,0.0,33,0
51eb2304e7fe,images/51eb2304e7fe.jpg,50.433723,264,3
51ef7b87dafc,images/51ef7b87dafc.jpg,61.692695,258,3
51fbd86bbc8e,images/51fbd86bbc8e.jpg,32.979939,253,1
520e3a57e403,images/520e3a57e403.jpg,49.610923,264,3
521c82794e4c,images/521c82794e4c.jpg,48.084304,80,3
5231bcf46d50,images/5231bcf46d50.jpg,47.921061,235,2
5234727e82c8,images/5234727e82c8.jpg,32.979939,253,1
5234c31b3ae0,images/5234c31b3ae0.jpg,59.396126,10,3
5235333c4f82,images/5235333c4f82.jpg,4.0,130,0
5235d6ba0156,images/5235d6ba0156.jpg,25.272751,10,1
523f796d2559,images/523f796d2559.jpg,47.78352,268,2
52541b7416d1,images/52541b7416d1.jpg,4.0,42,0
525ed58844c8,images/525ed58844c8.jpg,4.0,10,0
52659fdbea38,images/52659fdbea38.jpg,47.885219,248,2
526d169ef7f6,images/526d169ef7f6.jpg,46.354813,220,2
52737d6659c5,images/52737d6659c5.jpg,4.0,269,0
52738cc582f4,images/52738cc582f4.jpg,4.0,162,0
528010e22dc3,images/528010e22dc3.jpg,4.0,251,0
52873a7a2e7d,images/52873a7a2e7d.jpg,4.0,252,0
528de3e5b75c,images/528de3e5b75c.jpg,61.679352,241,3
5291659b070e,images/5291659b070e.jpg,50.795155,255,3
529a53be52c1,images/529a53be52c1.jpg,41.09006,205,2
529f17d1195e,images/529f17d1195e.jpg,4.0,10,0
52bf41c6aefd,images/52bf41c6aefd.jpg,4.0,249,0
52d81bc26b03,images/52d81bc26b03.jpg,28.0,78,1
52df201f23d1,images/52df201f23d1.jpg,60.847692,245,3
52ebb217164e,images/52ebb217164e.jpg,32.163341,267,1
530e4b42eea9,images/530e4b42eea9.jpg,28.0,10,1
53159637dc61,images/53159637dc61.jpg,47.184219,243,2
53325b42edd1,images/53325b42edd1.jpg,49.610923,264,3
5332fe02b2de,images/5332fe02b2de.jpg,43.427874,10,2
533306f0217d,images/533306f0217d.jpg,61.692695,258,3
535ecae96e0c,images/535ecae96e0c.jpg,47.78352,268,2
5367b6546f14,images/5367b6546f14.jpg,47.184219,243,2
536a0eb17108,images/536a0eb17108.jpg,47.78352,268,2
5394a4c23c9b,images/5394a4c23c9b.jpg,28.0,43,1
539c4e8f00b8,images/539c4e8f00b8.jpg,59.014794,203,3
53a4f6b849cf,images/53a4f6b849cf.jpg,49.675993,96,3
53bdf08f7814,images/53bdf08f7814.jpg,4.0,175,0
53c5874eaae0,images/53c5874eaae0.jpg,46.7916,87,2
53e1c8fe19b0,images/53e1c8fe19b0.jpg,56.731511,44,3
53e600d3f40b,images/53e600d3f40b.jpg,4.0,4,0
53e954d1afe8,images/53e954d1afe8.jpg,28.0,45,1
53fb62bd60a0,images/53fb62bd60a0.jpg,27.246714,232,1
541384ee6187,images/541384ee6187.jpg,31.404094,267,1
541e03c5fab1,images/541e03c5fab1.jpg,44.126016,261,2
541f1e5e887a,images/541f1e5e887a.jpg,27.245549,271,1
5421c3723455,images/5421c3723455.jpg,31.386566,267,1
542e2ac4d5eb,images/542e2ac4d5eb.jpg,48.215759,248,3
542f1611353f,images/542f1611353f.jpg,30.49684,10,1
545a6c60f250,images/545a6c60f250.jpg,28.0,260,1
547c12be0d1b,images/547c12be0d1b.jpg,28.0,10,1
549ffd2992ab,images/549ffd2992ab.jpg,41.142443,205,2
54b8acb7cba8,images/54b8acb7cba8.jpg,30.250625,246,1
54c07a8e52b6,images/54c07a8e52b6.jpg,28.0,260,1
54dafbe7bc19,images/54dafbe7bc19.jpg,47.394408,185,2
54e0b0b8e260,images/54e0b0b8e260.jpg,4.0,112,0
54e10a1a214c,images/54e10a1a214c.jpg,49.877868,46,3
54e28a97a6e1,images/54e28a97a6e1.jpg,50.795155,255,3
54e3a5a39ff8,images/54e3a5a39ff8.jpg,47.29499,248,2
54f3a6031e01,images/54f3a6031e01.jpg,46.354813,220,2
54f5cbf26caf,images/54f5cbf26caf.jpg,4.0,156,0
54fd94ac42b5,images/54fd94ac42b5.jpg,65.445156,247,3
5526707c067a,images/5526707c067a.jpg,33.219347,241,1
552a29c3f93d,images/552a29c3f93d.jpg,28.0,10,1
55846586c3ec,images/55846586c3ec.jpg,57.717192,47,3
558ec1a43411,images/558ec1a43411.jpg,47.889289,126,2
55a4dd7ccddd,images/55a4dd7ccddd.jpg,48.634324,132,3
55bf0db10ac5,images/55bf0db10ac5.jpg,61.599305,132,3
55c52cda8204,images/55c52cda8204.jpg,50.433723,264,3
55c900ac28ad,images/55c900ac28ad.jpg,47.756154,257,2
55dece5e2e55,images/55dece5e2e55.jpg,4.0,85,0
55fc1da11668,images/55fc1da11668.jpg,4.0,234,0
5602abb19167,images/5602abb19167.jpg,4.0,48,0
561572f66c42,images/561572f66c42.jpg,4.0,60,0
56177dab74ab,images/56177dab74ab.jpg,49.667882,55,3
5628c0e451d4,images/5628c0e451d4.jpg,28.0,204,1
564c9b240c08,images/564c9b240c08.jpg,33.219347,241,1
564d08f00510,images/564d08f00510.jpg,32.979939,253,1
56583f96f0d5,images/56583f96f0d5.jpg,4.0,251,0
5660c87a6648,images/5660c87a6648.jpg,4.0,189,0
566b5b8772db,images/566b5b8772db.jpg,50.433723,264,3
56910fd69985,images/56910fd69985.jpg,4.0,189,0
569ab3c38e2f,images/569ab3c38e2f.jpg,4.0,249,0
569ba70a8842,images/569ba70a8842.jpg,58.859731,217,3
56afd6313b4e,images/56afd6313b4e.jpg,23.915995,10,1
56b518366253,images/56b518366253.jpg,27.245549,271,1
56c2e3979635,images/56c2e3979635.jpg,4.0,206,0
56c81503730b,images/56c81503730b.jpg,28.0,83,1
56ccc5e38161,images/56ccc5e38161.jpg,41.142443,205,2
56d42daaf3e8,images/56d42daaf3e8.jpg,50.433723,264,3
56e02b05a777,images/56e02b05a777.jpg,49.534741,124,3
56e8af3ad0b5,images/56e8af3ad0b5.jpg,45.900713,220,2
56f9b7cf8ff1,images/56f9b7cf8ff1.jpg,4.0,10,0
57183e88c328,images/57183e88c328.jpg,28.0,10,1
572b89821eb4,images/572b89821eb4.jpg,44.126016,261,2
573ddb6506d6,images/573ddb6506d6.jpg,47.823675,172,2
573e2aec6367,images/573e2aec6367.jpg,4.0,10,0
574f418fc18e,images/574f418fc18e.jpg,48.49544,132,3
575daef428b4,images/575daef428b4.jpg,4.0,269,0
5766acb20a5c,images/5766acb20a5c.jpg,32.163341,267,1
5782af9ba48a,images/5782af9ba48a.jpg,46.889748,248,2
5784324c43b1,images/5784324c43b1.jpg,4.0,218,0
578da58024e4,images/578da58024e4.jpg,50.426162,199,3
5797a44f1ef1,images/5797a44f1ef1.jpg,32.163341,267,1
579ac53779ad,images/579ac53779ad.jpg,58.324159,52,3
57a24101d647,images/57a24101d647.jpg,53.208938,242,3
57ac1d087205,images/57ac1d087205.jpg,4.0,269,0
57b3c6715a10,images/57b3c6715a10.jpg,53.229496,172,3
57d0cc804f12,images/57d0cc804f12.jpg,48.050318,229,3
57dddfb2ef8c,images/57dddfb2ef8c.jpg,61.692695,258,3
57de862bb5b5,images/57de862bb5b5.jpg,50.795155,255,3
57eadc97154f,images/57eadc97154f.jpg,47.184219,243,2
580ac100b7e0,images/580ac100b7e0.jpg,4.0,227,0
580c829a5951,images/580c829a5951.jpg,4.0,10,0
582340467c79,images/582340467c79.jpg,4.0,10,0
583c318200dd,images/583c318200dd.jpg,4.0,251,0
5841ddf340a5,images/5841ddf340a5.jpg,40.6842,146,2
58456c0ae192,images/58456c0ae192.jpg,46.927058,248,2
58457661d13d,images/58457661d13d.jpg,48.038821,207,3
58557f3555b0,images/58557f3555b0.jpg,48.050318,229,3
58608fabfd8f,images/58608fabfd8f.jpg,27.246714,232,1
586c6632371b,images/586c6632371b.jpg,53.843117,182,3
5870a1654a67,images/5870a1654a67.jpg,4.0,10,0
58882ef93afe,images/58882ef93afe.jpg,4.0,249,0
588833ceeb5e,images/588833ceeb5e.jpg,4.0,251,0
5895a2f7953a,images/5895a2f7953a.jpg,50.795155,255,3
5897429131e4,images/5897429131e4.jpg,61.777617,244,3
589db035208c,images/589db035208c.jpg,66.827561,254,3
58b5831e1300,images/58b5831e1300.jpg,65.445156,247,3
58bcb9326d99,images/58bcb9326d99.jpg,30.250625,246,1
58be54e72cfc,images/58be54e72cfc.jpg,47.772354,170,2
58ec3ff63135,images/58ec3ff63135.jpg,65.445156,247,3
58ee2cbf8bca,images/58ee2cbf8bca.jpg,47.283467,243,2
58ee729a3af0,images/58ee729a3af0.jpg,4.0,116,0
58f65c04b9ce,images/58f65c04b9ce.jpg,49.610923,264,3
5900efc9e991,images/5900efc9e991.jpg,47.747842,213,2
591810b5693b,images/591810b5693b.jpg,31.404094,267,1
59192235feb5,images/59192235feb5.jpg,60.951546,132,3
591bd2216307,images/591bd2216307.jpg,4.0,49,0
594cfe583ef9,images/594cfe583ef9.jpg,61.679352,241,3
5958b4d5b798,images/5958b4d5b798.jpg,45.900713,220,2
595c07faf9d7,images/595c07faf9d7.jpg,50.795155,255,3
5967aea46fbb,images/5967aea46fbb.jpg,25.832329,260,1
597e90550f55,images/597e90550f55.jpg,50.795155,255,3
59818e3ea1d8,images/59818e3ea1d8.jpg,4.0,218,0
5988eddfc995,images/5988eddfc995.jpg,32.163341,267,1
59932ae14808,images/59932ae14808.jpg,46.355123,10,2
59a0c06258c1,images/59a0c06258c1.jpg,33.219347,241,1
59d852099a6f,images/59d852099a6f.jpg,50.795155,255,3
59daaac60312,images/59daaac60312.jpg,28.0,204,1
59f70bd6782d,images/59f70bd6782d.jpg,47.642216,202,2
59f7253e2da5,images/59f7253e2da5.jpg,4.0,228,0
5a0003867ebe,images/5a0003867ebe.jpg,66.910987,34,3
5a075d8ad805,images/5a075d8ad805.jpg,53.208938,242,3
5a273ccd67d9,images/5a273ccd67d9.jpg,61.601185,192,3
5a2adc91460a,images/5a2adc91460a.jpg,61.692695,258,3
5a317f82db44,images/5a317f82db44.jpg,50.795155,255,3
5a5fc9da99ea,images/5a5fc9da99ea.jpg,4.0,269,0
5a60c87acece,images/5a60c87acece.jpg,46.924306,10,2
5a713e178ffd,images/5a713e178ffd.jpg,32.163341,267,1
5a7d079bd1a7,images/5a7d079bd1a7.jpg,26.109484,260,1
5a9b854b00b2,images/5a9b854b00b2.jpg,52.949495,254,3
5a9cfbd25dc3,images/5a9cfbd25dc3.jpg,50.795155,255,3
5aadc40afedf,images/5aadc40afedf.jpg,53.208938,242,3
5ac57b71458b,images/5ac57b71458b.jpg,32.163341,267,1
5aecbb4472f9,images/5aecbb4472f9.jpg,4.0,269,0
5aee42a6bfd3,images/5aee42a6bfd3.jpg,56.428837,268,3
5af26e8551d2,images/5af26e8551d2.jpg,61.71002,182,3
5b206eed43b5,images/5b206eed43b5.jpg,61.692695,258,3
5b296a91da6a,images/5b296a91da6a.jpg,48.029351,150,3
5b4314f3ad40,images/5b4314f3ad40.jpg,4.0,10,0
5b4514bbb1e5,images/5b4514bbb1e5.jpg,50.795155,255,3
5b5b0c93bef3,images/5b5b0c93bef3.jpg,61.601185,192,3
5b647af1e9f7,images/5b647af1e9f7.jpg,32.163341,267,1
5b7e7a70eead,images/5b7e7a70eead.jpg,4.0,10,0
5ba1525912d1,images/5ba1525912d1.jpg,47.895442,233,2
5ba48b385f01,images/5ba48b385f01.jpg,0.0,50,0
5ba4a72cedab,images/5ba4a72cedab.jpg,52.949495,254,3
5ba69ca95686,images/5ba69ca95686.jpg,47.378275,248,2
5ba8dbeb25dd,images/5ba8dbeb25dd.jpg,4.0,4,0
5baa802ebbc5,images/5baa802ebbc5.jpg,48.029351,150,3
5bb434bec473,images/5bb434bec473.jpg,0.0,51,0
5bbc148da4d4,images/5bbc148da4d4.jpg,53.208938,242,3
5bc2175a435c,images/5bc2175a435c.jpg,58.324159,52,3
5bcdbf345149,images/5bcdbf345149.jpg,42.771819,10,2
5bdbfc687b8c,images/5bdbfc687b8c.jpg,61.692695,258,3
5be06a4896c9,images/5be06a4896c9.jpg,4.0,228,0
5be5cdf3d5ac,images/5be5cdf3d5ac.jpg,4.0,269,0
5bfd95a58662,images/5bfd95a58662.jpg,44.425396,261,2
5bfe6b2f4f77,images/5bfe6b2f4f77.jpg,4.0,152,0
5c01f94781c2,images/5c01f94781c2.jpg,4.0,189,0
5c10100de40b,images/5c10100de40b.jpg,40.870884,137,2
5c3dab7bdf03,images/5c3dab7bdf03.jpg,61.692695,258,3
5c5229bed402,images/5c5229bed402.jpg,49.610923,264,3
5c5437ca6f78,images/5c5437ca6f78.jpg,33.219347,241,1
5c680a9e36c1,images/5c680a9e36c1.jpg,46.395266,265,2
5c912f36bafb,images/5c912f36bafb.jpg,48.029351,150,3
5c98ddecff29,images/5c98ddecff29.jpg,31.404094,267,1
5ca90bd23057,images/5ca90bd23057.jpg,50.300215,13,3
5cb150359183,images/5cb150359183.jpg,41.112397,205,2
5cc19917dd36,images/5cc19917dd36.jpg,66.848889,259,3
5cc772641769,images/5cc772641769.jpg,46.927058,248,2
5ccbd11ee49f,images/5ccbd11ee49f.jpg,0.0,10,0
5d0998fc9c77,images/5d0998fc9c77.jpg,32.308378,267,1
5d0a7c33573b,images/5d0a7c33573b.jpg,49.20208,124,3
5d18d73d2f65,images/5d18d73d2f65.jpg,61.599305,132,3
5d191ae2aa73,images/5d191ae2aa73.jpg,4.0,218,0
5d1df9b35fa2,images/5d1df9b35fa2.jpg,27.245549,271,1
5d21091182c5,images/5d21091182c5.jpg,56.430071,101,3
5d238d1c605b,images/5d238d1c605b.jpg,28.0,78,1
5d2f9e6f099b,images/5d2f9e6f099b.jpg,4.0,138,0
5d305e5cf3be,images/5d305e5cf3be.jpg,48.010988,207,3
5d590431cf2a,images/5d590431cf2a.jpg,61.692695,258,3
5d5941878082,images/5d5941878082.jpg,47.895442,233,2
5d5ccc0d4ace,images/5d5ccc0d4ace.jpg,28.0,10,1
5d5ef4882ce8,images/5d5ef4882ce8.jpg,4.0,210,0
5d73e0bc26a4,images/5d73e0bc26a4.jpg,32.979939,253,1
5d87a8f153a2,images/5d87a8f153a2.jpg,53.178369,259,3
5d87c6dc3aa0,images/5d87c6dc3aa0.jpg,60.847692,245,3
5dc30cf1d10d,images/5dc30cf1d10d.jpg,50.433723,264,3
5dce06e50d6e,images/5dce06e50d6e.jpg,50.433723,264,3
5dd080433f2e,images/5dd080433f2e.jpg,61.692695,258,3
5de659d0b73a,images/5de659d0b73a.jpg,32.163341,267,1
5df7154a5807,images/5df7154a5807.jpg,27.245549,271,1
5df87e833283,images/5df87e833283.jpg,4.0,269,0
5e039147a493,images/5e039147a493.jpg,61.692695,258,3
5e0bdfb607ca,images/5e0bdfb607ca.jpg,28.0,10,1
5e23069394a0,images/5e23069394a0.jpg,45.724566,250,2
5e30d927d41b,images/5e30d927d41b.jpg,40.937027,10,2
5e3c1bac628d,images/5e3c1bac628d.jpg,42.800832,134,2
5e4def5af621,images/5e4def5af621.jpg,41.075223,205,2
5e673153bc55,images/5e673153bc55.jpg,66.16535,270,3
5e6e01e4ff83,images/5e6e01e4ff83.jpg,48.249029,235,3
5e7bb028dac4,images/5e7bb028dac4.jpg,4.0,10,0
5e80d69e31a4,images/5e80d69e31a4.jpg,47.747842,213,2
5e827b3004fb,images/5e827b3004fb.jpg,4.0,10,0
5e83276e2930,images/5e83276e2930.jpg,32.163341,267,1
5e886f26187d,images/5e886f26187d.jpg,33.342215,227,1
5edbe9a5b144,images/5edbe9a5b144.jpg,61.679352,241,3
5edc99c47cc2,images/5edc99c47cc2.jpg,31.404094,267,1
5ee1e21423c9,images/5ee1e21423c9.jpg,50.760047,62,3
5efff3873cfc,images/5efff3873cfc.jpg,60.847692,245,3
5f0638b5f080,images/5f0638b5f080.jpg,60.768805,153,3
5f2ba8e5478c,images/5f2ba8e5478c.jpg,4.0,10,0
5f2c4c313909,images/5f2c4c313909.jpg,4.0,53,0
5f3a891911b9,images/5f3a891911b9.jpg,4.0,252,0
5f4080d5320e,images/5f4080d5320e.jpg,44.126016,261,2
5f60f57a9931,images/5f60f57a9931.jpg,33.569643,182,1
5f789779e000,images/5f789779e000.jpg,34.190379,177,1
5f7a1391b592,images/5f7a1391b592.jpg,61.052132,182,3
5f97b1f1b050,images/5f97b1f1b050.jpg,41.776567,262,2
5fa31b61e474,images/5fa31b61e474.jpg,32.163341,267,1
5fb62443cec6,images/5fb62443cec6.jpg,61.692695,258,3
5fd24938e771,images/5fd24938e771.jpg,50.795155,255,3
5fd312e42b9d,images/5fd312e42b9d.jpg,61.692695,258,3
5fe1b8e28871,images/5fe1b8e28871.jpg,50.795155,255,3
5fe316d10c3a,images/5fe316d10c3a.jpg,33.219347,241,1
5fe364bdae7f,images/5fe364bdae7f.jpg,53.208938,242,3
5fe70a890394,images/5fe70a890394.jpg,49.647034,119,3
5ff210279804,images/5ff210279804.jpg,32.979939,253,1
602c415d08c3,images/602c415d08c3.jpg,52.949495,254,3
604684fed006,images/604684fed006.jpg,4.0,10,0
60491d617ea5,images/60491d617ea5.jpg,52.870386,248,3
605a9a827602,images/605a9a827602.jpg,47.823675,172,2
60600c02bb8d,images/60600c02bb8d.jpg,4.0,10,0
60654fdb81bc,images/60654fdb81bc.jpg,4.0,269,0
606c33cb1808,images/606c33cb1808.jpg,47.895442,233,2
6078fd15b402,images/6078fd15b402.jpg,47.601433,137,2
608956eefcc3,images/608956eefcc3.jpg,44.126016,261,2
608b88fe7e33,images/608b88fe7e33.jpg,48.029351,150,3
608e60ce3cab,images/608e60ce3cab.jpg,50.795155,255,3
6095199ed893,images/6095199ed893.jpg,32.163341,267,1
609b4a85fae0,images/609b4a85fae0.jpg,4.0,92,0
60ac67349de8,images/60ac67349de8.jpg,0.0,54,0
60bc150c08b7,images/60bc150c08b7.jpg,59.014794,203,3
60c871a6c7d7,images/60c871a6c7d7.jpg,50.433723,264,3
60ed70f50bb5,images/60ed70f50bb5.jpg,49.667882,55,3
60f1b9087c47,images/60f1b9087c47.jpg,0.0,56,0
610da0fb8d8c,images/610da0fb8d8c.jpg,50.795155,255,3
61130a697ed8,images/61130a697ed8.jpg,31.404094,267,1
61194033f5f5,images/61194033f5f5.jpg,47.313645,191,2
61220a8ee627,images/61220a8ee627.jpg,32.979939,253,1
612806759eea,images/612806759eea.jpg,46.835973,248,2
614df4f6840b,images/614df4f6840b.jpg,60.847692,245,3
6152b155e428,images/6152b155e428.jpg,48.535769,150,3
616aff1e4a85,images/616aff1e4a85.jpg,32.308378,267,1
617c2db0065d,images/617c2db0065d.jpg,4.0,10,0
6185779005dd,images/6185779005dd.jpg,61.533161,254,3
61a1316f6a0a,images/61a1316f6a0a.jpg,28.0,260,1
61a71f5788a1,images/61a71f5788a1.jpg,33.569643,182,1
61aace5f3088,images/61aace5f3088.jpg,25.832329,260,1
61c02834478f,images/61c02834478f.jpg,27.246714,232,1
61c0e5914d7c,images/61c0e5914d7c.jpg,4.0,226,0
61c43551c615,images/61c43551c615.jpg,59.014794,203,3
61cf17ff2d52,images/61cf17ff2d52.jpg,61.692695,258,3
62018d572d3c,images/62018d572d3c.jpg,52.949495,254,3
621842023cf8,images/621842023cf8.jpg,28.0,57,1
622cdd681235,images/622cdd681235.jpg,24.291943,86,1
625104a06716,images/625104a06716.jpg,57.059106,263,3
62511eb66a7e,images/62511eb66a7e.jpg,4.0,58,0
62705f79bdab,images/62705f79bdab.jpg,45.320031,256,2
627280b19629,images/627280b19629.jpg,47.895442,233,2
62745a00f4aa,images/62745a00f4aa.jpg,60.899526,182,3
62af5426288c,images/62af5426288c.jpg,0.0,83,0
62b732000b52,images/62b732000b52.jpg,53.208938,242,3
62c1a35f622b,images/62c1a35f622b.jpg,46.172883,265,2
62c28fef1001,images/62c28fef1001.jpg,66.827561,254,3
62c536a0a333,images/62c536a0a333.jpg,47.823675,172,2
62d6ec9248cd,images/62d6ec9248cd.jpg,32.979939,253,1
62e3f1974770,images/62e3f1974770.jpg,25.467926,86,1
62eb9d180e24,images/62eb9d180e24.jpg,47.947009,101,2
62f73e4816c6,images/62f73e4816c6.jpg,28.0,260,1
6319ddc437e9,images/6319ddc437e9.jpg,66.910987,34,3
631a7dde9ae7,images/631a7dde9ae7.jpg,53.843117,182,3
631d2914917e,images/631d2914917e.jpg,4.0,10,0
63275a6be503,images/63275a6be503.jpg,4.0,218,0
636e84afb786,images/636e84afb786.jpg,53.843117,182,3
63706c569acd,images/63706c569acd.jpg,27.246714,232,1
63786f7d709b,images/63786f7d709b.jpg,4.0,48,0
6381679def2f,images/6381679def2f.jpg,44.126016,261,2
6385b73f0f44,images/6385b73f0f44.jpg,47.948337,202,2
638cbc5041ab,images/638cbc5041ab.jpg,61.692695,258,3
6391f8fa4deb,images/6391f8fa4deb.jpg,4.0,234,0
639d37bbcd7c,images/639d37bbcd7c.jpg,27.245549,271,1
639d9d39935c,images/639d9d39935c.jpg,50.433723,264,3
63a54fcd5051,images/63a54fcd5051.jpg,47.747842,213,2
63a5e9e83042,images/63a5e9e83042.jpg,53.843117,182,3
63b7aa476d8a,images/63b7aa476d8a.jpg,46.091598,250,2
63cc59c4becb,images/63cc59c4becb.jpg,47.78352,268,2
63f009cffdb8,images/63f009cffdb8.jpg,27.245549,271,1
640f607fdcd3,images/640f607fdcd3.jpg,4.0,249,0
641f1605f599,images/641f1605f599.jpg,44.126016,261,2
642a9a1565aa,images/642a9a1565aa.jpg,50.795155,255,3
642c8015ffcf,images/642c8015ffcf.jpg,22.661585,10,1
6434305354fe,images/6434305354fe.jpg,45.320031,256,2
64359ba415ba,images/64359ba415ba.jpg,4.0,59,0
6436940fa531,images/6436940fa531.jpg,4.0,238,0
6451b75c9333,images/6451b75c9333.jpg,0.0,81,0
6458367373fb,images/6458367373fb.jpg,50.795155,255,3
6459b3d7ad04,images/6459b3d7ad04.jpg,30.250625,246,1
6466346cc809,images/6466346cc809.jpg,50.142773,188,3
64778ba7d86e,images/64778ba7d86e.jpg,25.832329,260,1
64b04f4ce793,images/64b04f4ce793.jpg,61.655076,178,3
64b053971667,images/64b053971667.jpg,50.433723,264,3
64bcf365211b,images/64bcf365211b.jpg,47.78352,268,2
64c16ea5a9d0,images/64c16ea5a9d0.jpg,65.445156,247,3
64c3b8ebebac,images/64c3b8ebebac.jpg,4.0,60,0
64c8ec6d6ea3,images/64c8ec6d6ea3.jpg,50.795155,255,3
64da2b13e8fd,images/64da2b13e8fd.jpg,47.366875,266,2
64da3971151b,images/64da3971151b.jpg,4.0,122,0
64e227b28ec3,images/64e227b28ec3.jpg,4.0,252,0
64faa5597749,images/64faa5597749.jpg,50.433723,264,3
65078ca26c6e,images/65078ca26c6e.jpg,61.612268,236,3
6537c5164a3e,images/6537c5164a3e.jpg,47.823675,172,2
65722becb34b,images/65722becb34b.jpg,50.795155,255,3
65914a742449,images/65914a742449.jpg,49.31287,150,3
659e758956bd,images/659e758956bd.jpg,48.029351,150,3
65a5f4d8dd53,images/65a5f4d8dd53.jpg,32.979939,253,1
65aa12172d43,images/65aa12172d43.jpg,44.126016,261,2
65acc01801fe,images/65acc01801fe.jpg,61.601185,192,3
65b4ae5ac395,images/65b4ae5ac395.jpg,33.219347,241,1
65c1566276d7,images/65c1566276d7.jpg,48.029351,150,3
65c761511c0a,images/65c761511c0a.jpg,4.0,249,0
65d1a802da0d,images/65d1a802da0d.jpg,46.032009,256,2
65d2af7c673a,images/65d2af7c673a.jpg,50.433723,264,3
65db604a38a3,images/65db604a38a3.jpg,58.988917,216,3
65dcb9c60c3f,images/65dcb9c60c3f.jpg,59.014794,203,3
65e9c1ef307a,images/65e9c1ef307a.jpg,4.0,10,0
65eb49cde37e,images/65eb49cde37e.jpg,48.118439,61,3
66116ebd40a7,images/66116ebd40a7.jpg,31.909887,197,1
661ff120a825,images/661ff120a825.jpg,41.776567,262,2
66297e6a3db8,images/66297e6a3db8.jpg,38.464806,205,2
662fbc0dad0c,images/662fbc0dad0c.jpg,60.847692,245,3
66378f78a0db,images/66378f78a0db.jpg,32.163341,267,1
66606650a383,images/66606650a383.jpg,50.795155,255,3
6660f515b845,images/6660f515b845.jpg,61.692695,258,3
666a8c2c5591,images/666a8c2c5591.jpg,47.756154,257,2
6671a7af9d80,images/6671a7af9d80.jpg,66.827561,254,3
6679b1ab74dd,images/6679b1ab74dd.jpg,61.692695,258,3
667ae7878e98,images/667ae7878e98.jpg,53.108162,261,3
6689b078446c,images/6689b078446c.jpg,47.184219,243,2
668b077b01a0,images/668b077b01a0.jpg,25.467926,86,1
66940010cff5,images/66940010cff5.jpg,47.642216,202,2
669974768498,images/669974768498.jpg,4.0,221,0
66bf93a6f4c3,images/66bf93a6f4c3.jpg,49.610923,264,3
66c9aba86fc3,images/66c9aba86fc3.jpg,4.0,210,0
66ca972cc59e,images/66ca972cc59e.jpg,4.0,234,0
66d1f43ef21b,images/66d1f43ef21b.jpg,41.780263,62,2
66f8cc4cfa49,images/66f8cc4cfa49.jpg,65.445156,247,3
66f9c8b7eb11,images/66f9c8b7eb11.jpg,53.208938,242,3
671f59de5d73,images/671f59de5d73.jpg,66.827561,254,3
67284d8141a5,images/67284d8141a5.jpg,49.610923,264,3
67347be51bd1,images/67347be51bd1.jpg,61.692695,258,3
673e46382911,images/673e46382911.jpg,4.0,226,0
674fd283e914,images/674fd283e914.jpg,61.692695,258,3
676ca6a0911f,images/676ca6a0911f.jpg,41.776567,262,2
67780c966457,images/67780c966457.jpg,50.795155,255,3
67785b48efe8,images/67785b48efe8.jpg,61.692695,258,3
6797f0342394,images/6797f0342394.jpg,22.847744,63,1
6799415eed96,images/6799415eed96.jpg,48.31141,248,3
67a896054268,images/67a896054268.jpg,27.245549,271,1
67b14b7cadd0,images/67b14b7cadd0.jpg,42.867914,10,2
67b5216f9b58,images/67b5216f9b58.jpg,50.795155,255,3
67c669d66986,images/67c669d66986.jpg,61.692695,258,3
67c79c22cf8d,images/67c79c22cf8d.jpg,48.010988,207,3
67e1d92582e6,images/67e1d92582e6.jpg,4.0,10,0
680365575521,images/680365575521.jpg,4.0,10,0
681d31f22fd9,images/681d31f22fd9.jpg,52.68866,248,3
68231130204d,images/68231130204d.jpg,41.776567,262,2
682337eea0c0,images/682337eea0c0.jpg,47.770235,222,2
6838d3c67c75,images/6838d3c67c75.jpg,47.29499,248,2
6841c04fec6c,images/6841c04fec6c.jpg,46.743843,248,2
6853fe6b83b9,images/6853fe6b83b9.jpg,28.0,186,1
686c890b6e4c,images/686c890b6e4c.jpg,4.0,141,0
68740e15775c,images/68740e15775c.jpg,0.0,33,0
687b8de9e01e,images/687b8de9e01e.jpg,47.747842,213,2
688acb5f7bab,images/688acb5f7bab.jpg,33.569643,182,1
6894ad0efe2c,images/6894ad0efe2c.jpg,61.692695,258,3
68a8a54fbab6,images/68a8a54fbab6.jpg,47.772354,170,2
68c67df6ed9e,images/68c67df6ed9e.jpg,28.0,10,1
68c9c72227ba,images/68c9c72227ba.jpg,31.856125,267,1
68cdd6a12f43,images/68cdd6a12f43.jpg,47.78352,268,2
68d20e62b28a,images/68d20e62b28a.jpg,4.0,112,0
68d3325a67f8,images/68d3325a67f8.jpg,47.772354,170,2
68dd4ebdf756,images/68dd4ebdf756.jpg,48.139103,150,3
68e497ee7127,images/68e497ee7127.jpg,59.014794,203,3
68e5948c812b,images/68e5948c812b.jpg,4.0,161,0
68e5c462cc1f,images/68e5c462cc1f.jpg,50.433723,264,3
6906c3f33b7e,images/6906c3f33b7e.jpg,53.210447,242,3
690adabe795b,images/690adabe795b.jpg,47.950445,126,2
690edbe002b8,images/690edbe002b8.jpg,4.0,121,0
690f9f6b8b10,images/690f9f6b8b10.jpg,61.125289,132,3
6918b85bd5b5,images/6918b85bd5b5.jpg,27.245549,271,1
691d611e61ea,images/691d611e61ea.jpg,65.445156,247,3
6937ef250f95,images/6937ef250f95.jpg,32.163341,267,1
693a49019b40,images/693a49019b40.jpg,27.245549,271,1
693ba2f18501,images/693ba2f18501.jpg,47.793422,248,2
693fe8370386,images/693fe8370386.jpg,33.210329,185,1
694eb97881b7,images/694eb97881b7.jpg,50.795155,255,3
694fc4d7f9cf,images/694fc4d7f9cf.jpg,44.126016,261,2
69551d50b871,images/69551d50b871.jpg,32.163341,267,1
6958bd627b88,images/6958bd627b88.jpg,47.952342,239,2
695a143fafdb,images/695a143fafdb.jpg,25.832329,260,1
695c1c3ba06d,images/695c1c3ba06d.jpg,32.163341,267,1
6964f3dc0968,images/6964f3dc0968.jpg,4.0,10,0
69667e321151,images/69667e321151.jpg,60.339223,240,3
69709fc9fa1d,images/69709fc9fa1d.jpg,48.038821,207,3
6977f2906219,images/6977f2906219.jpg,4.0,189,0
6978af8073d8,images/6978af8073d8.jpg,31.404094,267,1
697e4c9146b2,images/697e4c9146b2.jpg,49.610923,264,3
698222b22a5f,images/698222b22a5f.jpg,50.795155,255,3
699847c9cff9,images/699847c9cff9.jpg,61.692695,258,3
699bf9bfd2fb,images/699bf9bfd2fb.jpg,4.0,248,0
69a8bd6f1842,images/69a8bd6f1842.jpg,60.847692,245,3
69ad3389cbf0,images/69ad3389cbf0.jpg,50.433723,264,3
69b6b8d60bb3,images/69b6b8d60bb3.jpg,4.0,228,0
69c7443b6120,images/69c7443b6120.jpg,50.795155,255,3
69d480217572,images/69d480217572.jpg,47.889289,126,2
69f50126c090,images/69f50126c090.jpg,65.696047,240,3
69f50e6f7c90,images/69f50e6f7c90.jpg,50.433723,264,3
69fc3263cd72,images/69fc3263cd72.jpg,60.847692,245,3
6a272099a965,images/6a272099a965.jpg,28.0,260,1
6a2d80ff6482,images/6a2d80ff6482.jpg,65.445156,247,3
6a345ebf6cf2,images/6a345ebf6cf2.jpg,61.777617,244,3
6a410472a8a2,images/6a410472a8a2.jpg,49.258997,47,3
6a49a1c4e28d,images/6a49a1c4e28d.jpg,44.126016,261,2
6a55bad1e263,images/6a55bad1e263.jpg,47.78352,268,2
6a640fbd10fb,images/6a640fbd10fb.jpg,48.459726,182,3
6a8c53d22446,images/6a8c53d22446.jpg,47.823675,172,2
6a9eeac52ab2,images/6a9eeac52ab2.jpg,4.0,251,0
6ab1fd255f25,images/6ab1fd255f25.jpg,47.378275,248,2
6ab29932772a,images/6ab29932772a.jpg,50.433723,264,3
6ab845d8cd98,images/6ab845d8cd98.jpg,4.0,157,0
6abcd5b50a7e,images/6abcd5b50a7e.jpg,66.177195,270,3
6ac43a0573d2,images/6ac43a0573d2.jpg,66.177195,270,3
6ad8052dca04,images/6ad8052dca04.jpg,61.692695,258,3
6aee1fa8016b,images/6aee1fa8016b.jpg,4.0,157,0
6af212a7d682,images/6af212a7d682.jpg,27.245549,271,1
6af2a3567b59,images/6af2a3567b59.jpg,48.010988,207,3
6af68e45f107,images/6af68e45f107.jpg,61.631575,190,3
6afb586726f2,images/6afb586726f2.jpg,32.163341,267,1
6b056f4e7908,images/6b056f4e7908.jpg,50.795155,255,3
6b0a3c9bae47,images/6b0a3c9bae47.jpg,48.459726,182,3
6b1e321a2239,images/6b1e321a2239.jpg,47.756154,257,2
6b20346b8120,images/6b20346b8120.jpg,4.0,269,0
6b2282382b85,images/6b2282382b85.jpg,60.847692,245,3
6b35fe12dd2c,images/6b35fe12dd2c.jpg,0.0,64,0
6b42bdde5f3c,images/6b42bdde5f3c.jpg,47.895442,233,2
6b4e489c493b,images/6b4e489c493b.jpg,30.14733,10,1
6b5d2dcf62d2,images/6b5d2dcf62d2.jpg,32.163341,267,1
6b6b38525d1f,images/6b6b38525d1f.jpg,48.029351,150,3
6b831cd2ae59,images/6b831cd2ae59.jpg,61.692695,258,3
6b9c8aed7529,images/6b9c8aed7529.jpg,47.756154,257,2
6ba29ad1a727,images/6ba29ad1a727.jpg,61.692695,258,3
6bae5f967d12,images/6bae5f967d12.jpg,27.246714,232,1
6bc31dd86aab,images/6bc31dd86aab.jpg,4.0,249,0
6bcc59ec287c,images/6bcc59ec287c.jpg,50.433723,264,3
6bde01618a2a,images/6bde01618a2a.jpg,60.339223,240,3
6bed3dd4c08c,images/6bed3dd4c08c.jpg,28.0,10,1
6bfecd1fc916,images/6bfecd1fc916.jpg,65.445156,247,3
6c039ff78293,images/6c039ff78293.jpg,4.0,252,0
6c17d42453dd,images/6c17d42453dd.jpg,4.0,234,0
6c1c86ac729e,images/6c1c86ac729e.jpg,53.843117,182,3
6c2c1535fdcb,images/6c2c1535fdcb.jpg,4.0,194,0
6c538c72bb64,images/6c538c72bb64.jpg,65.445156,247,3
6c5442ee3ae6,images/6c5442ee3ae6.jpg,4.0,10,0
6c77be4c9d4e,images/6c77be4c9d4e.jpg,61.601185,192,3
6c861e93e7b9,images/6c861e93e7b9.jpg,61.692695,258,3
6ca57c881b90,images/6ca57c881b90.jpg,32.979939,253,1
6cc4afc91541,images/6cc4afc91541.jpg,4.0,10,0
6cd508941cd9,images/6cd508941cd9.jpg,50.433723,264,3
6cdbbefff2f5,images/6cdbbefff2f5.jpg,46.470252,137,2
6ce47c7b680b,images/6ce47c7b680b.jpg,50.492909,10,3
6cf2f481ca19,images/6cf2f481ca19.jpg,47.184219,243,2
6d088b2f7c75,images/6d088b2f7c75.jpg,0.0,65,0
6d141d25f8dc,images/6d141d25f8dc.jpg,32.163341,267,1
6d23400641a5,images/6d23400641a5.jpg,48.038821,207,3
6d239e298dee,images/6d239e298dee.jpg,60.847692,245,3
6d38cc933710,images/6d38cc933710.jpg,45.401358,148,2
6d4d96151f6d,images/6d4d96151f6d.jpg,48.138003,168,3
6d524ac34763,images/6d524ac34763.jpg,52.949495,254,3
6d60bfa3e352,images/6d60bfa3e352.jpg,50.433723,264,3
6d653cce65b0,images/6d653cce65b0.jpg,50.433723,264,3
6d70f9a9124f,images/6d70f9a9124f.jpg,27.245549,271,1
6d7c8c60bdf5,images/6d7c8c60bdf5.jpg,61.679352,241,3
6d840d95a507,images/6d840d95a507.jpg,47.78352,268,2
6d9fdd5739c6,images/6d9fdd5739c6.jpg,32.163341,267,1
6da4f0176a8c,images/6da4f0176a8c.jpg,4.0,10,0
6dc64ddd4c14,images/6dc64ddd4c14.jpg,50.795155,255,3
6dcbcd956eca,images/6dcbcd956eca.jpg,61.599305,132,3
6de2fe1ef359,images/6de2fe1ef359.jpg,50.795155,255,3
6df5549b6252,images/6df5549b6252.jpg,32.163341,267,1
6dfe892524b8,images/6dfe892524b8.jpg,53.208938,242,3
6e0686ecdd70,images/6e0686ecdd70.jpg,48.459726,182,3
6e30c4bb6e73,images/6e30c4bb6e73.jpg,50.795155,255,3
6e435f47ab99,images/6e435f47ab99.jpg,31.404094,267,1
6e4863e5e19c,images/6e4863e5e19c.jpg,61.692695,258,3
6e55154b0155,images/6e55154b0155.jpg,33.142999,149,1
6e6df93d80ad,images/6e6df93d80ad.jpg,66.177195,270,3
6e7eb47bf244,images/6e7eb47bf244.jpg,4.0,269,0
6e837dc07dc7,images/6e837dc07dc7.jpg,47.901863,191,2
6e83f9ec7aa2,images/6e83f9ec7aa2.jpg,61.692695,258,3
6e8adbd790c1,images/6e8adbd790c1.jpg,47.731673,195,2
6e8ca19b6536,images/6e8ca19b6536.jpg,41.142443,205,2
6e9f3cc8f5a5,images/6e9f3cc8f5a5.jpg,47.788986,235,2
6eab1035a581,images/6eab1035a581.jpg,25.832329,260,1
6eba285ae7fa,images/6eba285ae7fa.jpg,4.0,114,0
6ebd06f05de2,images/6ebd06f05de2.jpg,47.823675,172,2
6ec8d7bab955,images/6ec8d7bab955.jpg,39.191445,10,2
6ed18603d4bb,images/6ed18603d4bb.jpg,50.433723,264,3
6ed28d94175d,images/6ed28d94175d.jpg,53.208938,242,3
6eddf73de971,images/6eddf73de971.jpg,33.348058,227,1
6ef3a50b4023,images/6ef3a50b4023.jpg,4.0,66,0
6f2d0c85c5dc,images/6f2d0c85c5dc.jpg,50.433723,264,3
6f2e8d183b6c,images/6f2e8d183b6c.jpg,4.0,234,0
6f4c393c7ead,images/6f4c393c7ead.jpg,40.176372,131,2
6f59aa4883b8,images/6f59aa4883b8.jpg,4.0,227,0
6f6e5fb17de6,images/6f6e5fb17de6.jpg,65.445156,247,3
6f79ea7a76cb,images/6f79ea7a76cb.jpg,4.0,121,0
6f81f78cd803,images/6f81f78cd803.jpg,30.259882,10,1
6f86f86eb783,images/6f86f86eb783.jpg,4.0,228,0
6f93c7e966e8,images/6f93c7e966e8.jpg,47.895442,233,2
6f9418b93e3f,images/6f9418b93e3f.jpg,41.964983,10,2
6f94a5227147,images/6f94a5227147.jpg,47.184219,243,2
6f9d9e3516cb,images/6f9d9e3516cb.jpg,28.0,67,1
6fa5f29d898d,images/6fa5f29d898d.jpg,47.756154,257,2
6faa5e9edc58,images/6faa5e9edc58.jpg,4.0,269,0
6fab5c481f73,images/6fab5c481f73.jpg,66.827561,254,3
6fba3b7d6ab0,images/6fba3b7d6ab0.jpg,48.459726,182,3
6fbcb442868f,images/6fbcb442868f.jpg,61.692695,258,3
6fbd7e9bc4c8,images/6fbd7e9bc4c8.jpg,47.283467,243,2
6fbf7d83841b,images/6fbf7d83841b.jpg,31.404094,267,1
6fcb78a04b9c,images/6fcb78a04b9c.jpg,47.788986,235,2
6fe3bda7bc7e,images/6fe3bda7bc7e.jpg,27.245549,271,1
6feddeeb11fd,images/6feddeeb11fd.jpg,53.181455,242,3
6ffa3a82543a,images/6ffa3a82543a.jpg,58.31403,132,3
7009273db408,images/7009273db408.jpg,32.163341,267,1
700999c7a45b,images/700999c7a45b.jpg,61.114882,182,3
7010cf774719,images/7010cf774719.jpg,50.795155,255,3
701d8455b6e8,images/701d8455b6e8.jpg,4.0,227,0
701e50741690,images/701e50741690.jpg,27.245549,271,1
702dd09600fa,images/702dd09600fa.jpg,66.015906,230,3
703066b44e1e,images/703066b44e1e.jpg,53.208938,242,3
70466ee33345,images/70466ee33345.jpg,61.748616,224,3
704686bc9ad5,images/704686bc9ad5.jpg,33.219347,241,1
704bc28ce799,images/704bc28ce799.jpg,0.0,68,0
704d5a972bb8,images/704d5a972bb8.jpg,47.823675,172,2
704db7de86ac,images/704db7de86ac.jpg,46.140188,265,2
7051abce8263,images/7051abce8263.jpg,39.584852,10,2
70525364652e,images/70525364652e.jpg,53.208938,242,3
70697fd04ee8,images/70697fd04ee8.jpg,31.404094,267,1
70771b8773b8,images/70771b8773b8.jpg,4.0,227,0
7078ec04c98f,images/7078ec04c98f.jpg,66.177195,270,3
7082362f8031,images/7082362f8031.jpg,50.795155,255,3
7092159382b1,images/7092159382b1.jpg,4.0,251,0
709759fb76cb,images/709759fb76cb.jpg,50.433723,264,3
709bca814279,images/709bca814279.jpg,4.0,189,0
70cbbbb3f630,images/70cbbbb3f630.jpg,59.79096,244,3
70d1626f4317,images/70d1626f4317.jpg,25.832329,260,1
70d7de72c2ca,images/70d7de72c2ca.jpg,46.006276,265,2
70f6aa4cd5d7,images/70f6aa4cd5d7.jpg,61.679352,241,3
70ffac873f7a,images/70ffac873f7a.jpg,4.0,269,0
71197615dab6,images/71197615dab6.jpg,48.308879,132,3
711b305ac25d,images/711b305ac25d.jpg,59.147959,192,3
7130489c6d24,images/7130489c6d24.jpg,23.091104,11,1
713190227df4,images/713190227df4.jpg,61.655076,178,3
715054abc0db,images/715054abc0db.jpg,47.747842,213,2
716d9d5b9dc7,images/716d9d5b9dc7.jpg,53.916555,69,3
718ccad38bdf,images/718ccad38bdf.jpg,47.756154,257,2
7195a810b984,images/7195a810b984.jpg,53.833817,214,3
71a4a93aea79,images/71a4a93aea79.jpg,48.459726,182,3
71b5183dff82,images/71b5183dff82.jpg,4.0,209,0
71ca30f9f86d,images/71ca30f9f86d.jpg,4.0,10,0
71ce33708113,images/71ce33708113.jpg,46.353476,250,2
71d9943627e8,images/71d9943627e8.jpg,31.404094,267,1
71e2203c37f8,images/71e2203c37f8.jpg,61.533161,254,3
71e951b440be,images/71e951b440be.jpg,33.142999,149,1
71f12a798b4c,images/71f12a798b4c.jpg,4.0,218,0
71fc672cc99d,images/71fc672cc99d.jpg,33.569643,182,1
7201cf09f4ca,images/7201cf09f4ca.jpg,4.0,210,0
722c59c03eed,images/722c59c03eed.jpg,52.561458,248,3
72385e7b5045,images/72385e7b5045.jpg,47.895442,233,2
725553a7c551,images/725553a7c551.jpg,47.283467,243,2
7269299a1264,images/7269299a1264.jpg,27.245549,271,1
72850dd670a2,images/72850dd670a2.jpg,4.0,251,0
728f34f183b9,images/728f34f183b9.jpg,30.250625,246,1
72e0c8ca7b0e,images/72e0c8ca7b0e.jpg,61.599305,132,3
72e39b047514,images/72e39b047514.jpg,28.0,10,1
72e525dd4339,images/72e525dd4339.jpg,58.865715,245,3
72fea5dd77e6,images/72fea5dd77e6.jpg,47.366875,266,2
733dd0504e44,images/733dd0504e44.jpg,48.175596,101,3
73434fe05d29,images/73434fe05d29.jpg,4.0,189,0
73438d7c557e,images/73438d7c557e.jpg,48.459726,182,3
7345c9a97e48,images/7345c9a97e48.jpg,61.692695,258,3
7345e4d8689a,images/7345e4d8689a.jpg,50.426162,199,3
7358cb7532c0,images/7358cb7532c0.jpg,4.0,234,0
735b75f4e314,images/735b75f4e314.jpg,46.006276,265,2
735e667f20af,images/735e667f20af.jpg,49.675993,96,3
73a05a8be6f9,images/73a05a8be6f9.jpg,50.795155,255,3
73a15f6775b6,images/73a15f6775b6.jpg,41.09006,205,2
73ac2e654b02,images/73ac2e654b02.jpg,33.219347,241,1
73ac31551eb9,images/73ac31551eb9.jpg,66.827561,254,3
73b4a6a66be9,images/73b4a6a66be9.jpg,50.433723,264,3
73cdafcbb772,images/73cdafcbb772.jpg,4.0,173,0
73d13af1e751,images/73d13af1e751.jpg,47.78352,268,2
73d194eadd1e,images/73d194eadd1e.jpg,50.795155,255,3
73d5147cb4e6,images/73d5147cb4e6.jpg,61.245509,132,3
741cf43efa70,images/741cf43efa70.jpg,4.0,183,0
742803f06f46,images/742803f06f46.jpg,4.0,249,0
742c81b845a0,images/742c81b845a0.jpg,66.827561,254,3
745676f1e870,images/745676f1e870.jpg,47.91948,266,2
745b9d1043dd,images/745b9d1043dd.jpg,28.0,186,1
746592a87f41,images/746592a87f41.jpg,46.743843,248,2
74742af0605f,images/74742af0605f.jpg,50.795155,255,3
7478153e6e9d,images/7478153e6e9d.jpg,47.184219,243,2
74781742c8c9,images/74781742c8c9.jpg,46.286392,256,2
748897f2f99c,images/748897f2f99c.jpg,4.0,248,0
748c47428fa8,images/748c47428fa8.jpg,4.0,10,0
7492464a9673,images/7492464a9673.jpg,50.433723,264,3
7499d61358d7,images/7499d61358d7.jpg,4.0,238,0
74a014ca4bac,images/74a014ca4bac.jpg,47.756154,257,2
74a98e83f43c,images/74a98e83f43c.jpg,4.0,198,0
74b0ffc3218e,images/74b0ffc3218e.jpg,46.140188,265,2
74b94af37624,images/74b94af37624.jpg,31.404094,267,1
74c2e4fcd185,images/74c2e4fcd185.jpg,40.6842,146,2
74c30e864441,images/74c30e864441.jpg,60.308225,169,3
74c9ea7da8b0,images/74c9ea7da8b0.jpg,49.397464,133,3
74cc4784ca15,images/74cc4784ca15.jpg,31.404094,267,1
74db64bcc4ff,images/74db64bcc4ff.jpg,31.404094,267,1
74e88efa119f,images/74e88efa119f.jpg,4.0,152,0
74eb484005ac,images/74eb484005ac.jpg,44.493593,220,2
74fa8651cb8f,images/74fa8651cb8f.jpg,48.459726,182,3
75013e039892,images/75013e039892.jpg,47.166344,10,2
750668966a8d,images/750668966a8d.jpg,4.0,227,0
750d564fa095,images/750d564fa095.jpg,4.0,10,0
750d776a76dc,images/750d776a76dc.jpg,4.0,252,0
752043e8cc5c,images/752043e8cc5c.jpg,42.077632,13,2
75306ba44438,images/75306ba44438.jpg,32.163341,267,1
754f0b2833ad,images/754f0b2833ad.jpg,41.776567,262,2
75612c885481,images/75612c885481.jpg,41.776567,262,2
7569528bd742,images/7569528bd742.jpg,47.78352,268,2
756b94d0ff75,images/756b94d0ff75.jpg,32.979939,253,1
75726ec3ab6b,images/75726ec3ab6b.jpg,50.795155,255,3
75ace8d4a533,images/75ace8d4a533.jpg,40.322556,134,2
75bbe18039a0,images/75bbe18039a0.jpg,47.889289,126,2
75c59f3cfbef,images/75c59f3cfbef.jpg,47.78352,268,2
75e8a20f4540,images/75e8a20f4540.jpg,53.208938,242,3
75fc32e9228e,images/75fc32e9228e.jpg,27.245549,271,1
763cee13fe6e,images/763cee13fe6e.jpg,50.795155,255,3
763e80f6eba7,images/763e80f6eba7.jpg,28.0,260,1
765cc06ba1ea,images/765cc06ba1ea.jpg,47.366875,266,2
76636c001bb6,images/76636c001bb6.jpg,4.0,249,0
7663af2aeaf8,images/7663af2aeaf8.jpg,53.208938,242,3
767875d23357,images/767875d23357.jpg,4.0,16,0
76991b933a69,images/76991b933a69.jpg,4.0,10,0
76a28f0ef360,images/76a28f0ef360.jpg,53.208938,242,3
76aa5b0dbe34,images/76aa5b0dbe34.jpg,47.772354,170,2
76ba9a8c35dd,images/76ba9a8c35dd.jpg,28.0,260,1
76c0376258e1,images/76c0376258e1.jpg,47.772354,170,2
76c36eeed365,images/76c36eeed365.jpg,47.91948,266,2
76cafadb9613,images/76cafadb9613.jpg,60.847692,245,3
76d368dab696,images/76d368dab696.jpg,52.68866,248,3
76e25fc623e3,images/76e25fc623e3.jpg,45.653811,220,2
76ea49e7a212,images/76ea49e7a212.jpg,4.0,249,0
76fcefeb2eca,images/76fcefeb2eca.jpg,61.748616,224,3
7701506f362e,images/7701506f362e.jpg,4.0,70,0
771a9e768a06,images/771a9e768a06.jpg,44.126016,261,2
7722ccdd742a,images/7722ccdd742a.jpg,31.404094,267,1
773a190c214b,images/773a190c214b.jpg,50.795155,255,3
773b43d51e76,images/773b43d51e76.jpg,28.0,10,1
774332cba88a,images/774332cba88a.jpg,4.0,71,0
774630b3fc80,images/774630b3fc80.jpg,50.795155,255,3
774b01582cf1,images/774b01582cf1.jpg,47.756154,257,2
777145d2390d,images/777145d2390d.jpg,31.404094,267,1
7778beb23f36,images/7778beb23f36.jpg,27.245549,271,1
777cba90e2e8,images/777cba90e2e8.jpg,4.0,228,0
7781f9150510,images/7781f9150510.jpg,61.111068,132,3
7784d7837570,images/7784d7837570.jpg,47.823675,172,2
778f9ac9665b,images/778f9ac9665b.jpg,4.0,10,0
7796dade3b29,images/7796dade3b29.jpg,50.433723,264,3
7798bc2ca3d1,images/7798bc2ca3d1.jpg,53.843117,182,3
77a103e3a325,images/77a103e3a325.jpg,43.977076,13,2
77ce5d18be69,images/77ce5d18be69.jpg,49.647034,119,3
77e1549eed6a,images/77e1549eed6a.jpg,47.895442,233,2
77faedd77bea,images/77faedd77bea.jpg,4.0,149,0
77ff18360469,images/77ff18360469.jpg,49.610923,264,3
781203ec8ab9,images/781203ec8ab9.jpg,59.882648,124,3
78367fa2e41f,images/78367fa2e41f.jpg,4.0,269,0
785314dd7a5c,images/785314dd7a5c.jpg,4.0,252,0
7865be071da4,images/7865be071da4.jpg,45.653811,220,2
7871754f5f81,images/7871754f5f81.jpg,42.243202,13,2
78b2cedb95cb,images/78b2cedb95cb.jpg,50.433723,264,3
78b7db678032,images/78b7db678032.jpg,4.0,10,0
78cc8687749a,images/78cc8687749a.jpg,50.142773,188,3
78d77e1b63f9,images/78d77e1b63f9.jpg,61.612268,236,3
78e33089ddf4,images/78e33089ddf4.jpg,50.560926,182,3
78e525cb1124,images/78e525cb1124.jpg,41.644112,13,2
78ec64abaaad,images/78ec64abaaad.jpg,47.520121,137,2
79047c3c211a,images/79047c3c211a.jpg,47.345483,243,2
79057276cee1,images/79057276cee1.jpg,32.163341,267,1
791cd26dc78b,images/791cd26dc78b.jpg,61.692695,258,3
7927a45d66d4,images/7927a45d66d4.jpg,27.245549,271,1
792ba84bc7e5,images/792ba84bc7e5.jpg,47.756154,257,2
7940183ef0ef,images/7940183ef0ef.jpg,28.0,10,1
79458a5cc312,images/79458a5cc312.jpg,47.901863,191,2
7945a57aabf5,images/7945a57aabf5.jpg,4.0,143,0
795ee1f55281,images/795ee1f55281.jpg,61.692695,258,3
7961ea9be32e,images/7961ea9be32e.jpg,41.776567,262,2
799bf30962d0,images/799bf30962d0.jpg,60.847692,245,3
79a329a2dece,images/79a329a2dece.jpg,39.659584,97,2
79a5636c7eb5,images/79a5636c7eb5.jpg,48.029351,150,3
79bdee1aff7d,images/79bdee1aff7d.jpg,32.163341,267,1
79dd22f45313,images/79dd22f45313.jpg,44.126016,261,2
79f745b55b34,images/79f745b55b34.jpg,4.0,218,0
7a28c4c28b72,images/7a28c4c28b72.jpg,61.777617,244,3
7a307eeb9327,images/7a307eeb9327.jpg,50.795155,255,3
7a35b5570974,images/7a35b5570974.jpg,61.692695,258,3
7a3b38ae45ec,images/7a3b38ae45ec.jpg,47.78352,268,2
7a469fe259d4,images/7a469fe259d4.jpg,4.0,72,0
7a48bfc74d03,images/7a48bfc74d03.jpg,61.692695,258,3
7a56659e9e4f,images/7a56659e9e4f.jpg,28.0,91,1
7a5b3a5eba58,images/7a5b3a5eba58.jpg,4.0,94,0
7a60596a0085,images/7a60596a0085.jpg,47.91948,266,2
7a86c5262474,images/7a86c5262474.jpg,32.979939,253,1
7aa86a33d9a2,images/7aa86a33d9a2.jpg,4.0,73,0
7ab258fe5dd7,images/7ab258fe5dd7.jpg,50.433723,264,3
7ac162158fac,images/7ac162158fac.jpg,47.642216,202,2
7acacdd85889,images/7acacdd85889.jpg,44.126016,261,2
7ad2d9d6e5fe,images/7ad2d9d6e5fe.jpg,31.404094,267,1
7b0ab0828445,images/7b0ab0828445.jpg,32.163341,267,1
7b0c4c3851ed,images/7b0c4c3851ed.jpg,33.348058,227,1
7b148518f20f,images/7b148518f20f.jpg,47.952342,239,2
7b166a434c0a,images/7b166a434c0a.jpg,4.0,10,0
7b33aab207a0,images/7b33aab207a0.jpg,41.776567,262,2
7b369bf62342,images/7b369bf62342.jpg,46.091598,250,2
7b38bdea9edd,images/7b38bdea9edd.jpg,32.163341,267,1
7b3a7cc3a1af,images/7b3a7cc3a1af.jpg,4.0,269,0
7b3bab2f2a40,images/7b3bab2f2a40.jpg,4.0,10,0
7b3ed84152fe,images/7b3ed84152fe.jpg,47.279889,137,2
7b4c2e534b68,images/7b4c2e534b68.jpg,46.032009,256,2
7b80070c6a4e,images/7b80070c6a4e.jpg,48.634324,132,3
7b8d7e641879,images/7b8d7e641879.jpg,50.433723,264,3
7b98a5f1844f,images/7b98a5f1844f.jpg,4.0,227,0
7baba1742d43,images/7baba1742d43.jpg,28.0,260,1
7baf8a1201a7,images/7baf8a1201a7.jpg,4.0,251,0
7bb96672d8ad,images/7bb96672d8ad.jpg,4.0,251,0
7bf8c15b757e,images/7bf8c15b757e.jpg,49.608788,74,3
7bf96abfb895,images/7bf96abfb895.jpg,45.401358,148,2
7bf982720daa,images/7bf982720daa.jpg,50.795155,255,3
7c1e32a198a2,images/7c1e32a198a2.jpg,60.847692,245,3
7c1f6c324d80,images/7c1f6c324d80.jpg,27.245549,271,1
7c2053eaf77f,images/7c2053eaf77f.jpg,30.250625,246,1
7c3d3d31e66e,images/7c3d3d31e66e.jpg,30.250625,246,1
7c447ade9bc2,images/7c447ade9bc2.jpg,27.245549,271,1
7c46181fe799,images/7c46181fe799.jpg,47.952342,239,2
7c49064ce263,images/7c49064ce263.jpg,47.91948,266,2
7c54dbb0d720,images/7c54dbb0d720.jpg,46.006276,265,2
7c691be0791b,images/7c691be0791b.jpg,28.0,260,1
7c80de469ebe,images/7c80de469ebe.jpg,48.459726,182,3
7c903bb03123,images/7c903bb03123.jpg,46.006276,265,2
7c95467b19b9,images/7c95467b19b9.jpg,44.425396,261,2
7c9964125ba4,images/7c9964125ba4.jpg,4.0,75,0
7ca1fae874c8,images/7ca1fae874c8.jpg,48.446582,212,3
7caaf4c1f06b,images/7caaf4c1f06b.jpg,49.836647,151,3
7cabb5f59aac,images/7cabb5f59aac.jpg,61.692695,258,3
7cc46ecbe26c,images/7cc46ecbe26c.jpg,48.050318,229,3
7ccffa6f2d21,images/7ccffa6f2d21.jpg,25.467926,86,1
7d01147cb651,images/7d01147cb651.jpg,48.459726,182,3
7d18b1b72793,images/7d18b1b72793.jpg,31.404094,267,1
7d19979e279e,images/7d19979e279e.jpg,47.756154,257,2
7d2dccc423a3,images/7d2dccc423a3.jpg,46.091598,250,2
7d343432b0b5,images/7d343432b0b5.jpg,4.0,10,0
7d3bc1527ec4,images/7d3bc1527ec4.jpg,47.184219,243,2
7d50df3a8f55,images/7d50df3a8f55.jpg,50.729838,10,3
7d537891a058,images/7d537891a058.jpg,46.172883,265,2
7d5b3c28b09c,images/7d5b3c28b09c.jpg,50.433723,264,3
7d6385f47bc8,images/7d6385f47bc8.jpg,53.088017,262,3
7d74ad6d5d80,images/7d74ad6d5d80.jpg,61.692695,258,3
7d76ded5cb1d,images/7d76ded5cb1d.jpg,40.086529,10,2
7d7905b74b18,images/7d7905b74b18.jpg,48.459726,182,3
7d864d5f86f4,images/7d864d5f86f4.jpg,32.979939,253,1
7d9601f9d4b9,images/7d9601f9d4b9.jpg,60.847692,245,3
7d9dcdc9622b,images/7d9dcdc9622b.jpg,47.867833,163,2
7db3eb711e9a,images/7db3eb711e9a.jpg,26.313871,62,1
7db58cbdb9f4,images/7db58cbdb9f4.jpg,46.006276,265,2
7db8ede5d5cf,images/7db8ede5d5cf.jpg,28.0,130,1
7dbf951a523c,images/7dbf951a523c.jpg,48.693852,243,3
7dd46eaf1253,images/7dd46eaf1253.jpg,4.0,42,0
7dd803ae6180,images/7dd803ae6180.jpg,50.433723,264,3
7dd86eb7b6f0,images/7dd86eb7b6f0.jpg,4.0,10,0
7de363a93776,images/7de363a93776.jpg,4.0,234,0
7de5bb542916,images/7de5bb542916.jpg,60.371676,151,3
7de6b60b3e2a,images/7de6b60b3e2a.jpg,47.952342,239,2
7dfe099fa3a6,images/7dfe099fa3a6.jpg,28.0,16,1
7e01dd922639,images/7e01dd922639.jpg,45.724566,250,2
7e13e01e9d9d,images/7e13e01e9d9d.jpg,0.0,76,0
7e2668103bb9,images/7e2668103bb9.jpg,61.692695,258,3
7e267f33baac,images/7e267f33baac.jpg,49.610923,264,3
7e2953a6b17c,images/7e2953a6b17c.jpg,47.867833,163,2
7e35d7ac0087,images/7e35d7ac0087.jpg,30.250625,246,1
7e41a0a90a97,images/7e41a0a90a97.jpg,48.459726,182,3
7e5a121621ab,images/7e5a121621ab.jpg,4.0,130,0
7e6c80936b28,images/7e6c80936b28.jpg,27.246714,232,1
7e73e1aea828,images/7e73e1aea828.jpg,4.0,171,0
7e7ebe68e9e4,images/7e7ebe68e9e4.jpg,53.208938,242,3
7e8e42333d37,images/7e8e42333d37.jpg,40.935009,144,2
7ea12f0fb9e2,images/7ea12f0fb9e2.jpg,65.445156,247,3
7ea3d14df946,images/7ea3d14df946.jpg,47.895442,233,2
7ea3d3ca9cca,images/7ea3d3ca9cca.jpg,4.0,269,0
7eb4212f4f4a,images/7eb4212f4f4a.jpg,4.0,10,0
7ec9ab8548e2,images/7ec9ab8548e2.jpg,48.501705,132,3
7ef2e0384ca8,images/7ef2e0384ca8.jpg,41.075223,205,2
7ef3a92ec08d,images/7ef3a92ec08d.jpg,4.0,77,0
7ef79983277e,images/7ef79983277e.jpg,28.0,260,1
7f3eb69f2845,images/7f3eb69f2845.jpg,30.250625,246,1
7f4d700245a3,images/7f4d700245a3.jpg,25.467926,86,1
7f526cbc866f,images/7f526cbc866f.jpg,65.445156,247,3
7f6401d52ef6,images/7f6401d52ef6.jpg,61.692695,258,3
7f684b100f42,images/7f684b100f42.jpg,4.0,218,0
7f77e5fdbb5b,images/7f77e5fdbb5b.jpg,41.075223,205,2
7f7b3e4ba2b6,images/7f7b3e4ba2b6.jpg,32.163341,267,1
7f7db5d335c8,images/7f7db5d335c8.jpg,28.0,78,1
7f8c4d228e0d,images/7f8c4d228e0d.jpg,50.795155,255,3
7f90db0446ef,images/7f90db0446ef.jpg,28.0,106,1
7f9346064ce2,images/7f9346064ce2.jpg,61.114882,182,3
7f9edc2e53ea,images/7f9edc2e53ea.jpg,48.050318,229,3
7faa18b6b802,images/7faa18b6b802.jpg,47.952342,239,2
7fb33d38ba12,images/7fb33d38ba12.jpg,48.038821,207,3
7fbf32b35b14,images/7fbf32b35b14.jpg,57.199529,137,3
7fc2b1703ae8,images/7fc2b1703ae8.jpg,0.0,83,0
7fd8200baae5,images/7fd8200baae5.jpg,28.0,260,1
7fefa1020364,images/7fefa1020364.jpg,32.163341,267,1
800e769f3053,images/800e769f3053.jpg,57.32851,137,3
8013332554d8,images/8013332554d8.jpg,50.142773,188,3
8014aaf88695,images/8014aaf88695.jpg,66.827561,254,3
801a13716ad9,images/801a13716ad9.jpg,47.846504,262,2
8027fb9d0972,images/8027fb9d0972.jpg,4.0,234,0
805484294b1a,images/805484294b1a.jpg,4.0,122,0
805f1a8cf52c,images/805f1a8cf52c.jpg,4.0,238,0
80732c8dbcc9,images/80732c8dbcc9.jpg,48.459726,182,3
809f2bd1c590,images/809f2bd1c590.jpg,50.142773,188,3
80a28c3f6f7b,images/80a28c3f6f7b.jpg,4.0,248,0
80a49aa5e2d8,images/80a49aa5e2d8.jpg,61.692695,258,3
80a651ac603a,images/80a651ac603a.jpg,65.445156,247,3
80a7a57fc483,images/80a7a57fc483.jpg,28.0,10,1
80f8e7fc66f5,images/80f8e7fc66f5.jpg,52.949495,254,3
810d6109c6fc,images/810d6109c6fc.jpg,61.692695,258,3
811528d1dbfb,images/811528d1dbfb.jpg,41.112397,205,2
811657e53a38,images/811657e53a38.jpg,50.795155,255,3
8137e54582ea,images/8137e54582ea.jpg,57.7662,137,3
813c559b6660,images/813c559b6660.jpg,49.610923,264,3
8142b4130ac4,images/8142b4130ac4.jpg,4.0,252,0
8147854555a7,images/8147854555a7.jpg,47.78352,268,2
8148686e6573,images/8148686e6573.jpg,53.208938,242,3
814b376554c2,images/814b376554c2.jpg,44.126016,261,2
814eca6f5d32,images/814eca6f5d32.jpg,0.0,79,0
816f2432b4d6,images/816f2432b4d6.jpg,48.459726,182,3
8172815a72a1,images/8172815a72a1.jpg,61.304014,132,3
81777f5d271e,images/81777f5d271e.jpg,47.823675,172,2
817f66361a18,images/817f66361a18.jpg,27.245549,271,1
818679cb13cb,images/818679cb13cb.jpg,4.0,248,0
818dba1a6eb5,images/818dba1a6eb5.jpg,48.084304,80,3
81a3816c7d3a,images/81a3816c7d3a.jpg,44.857811,220,2
81afc6313e11,images/81afc6313e11.jpg,43.618034,250,2
81b12bb4b8ce,images/81b12bb4b8ce.jpg,46.091598,250,2
81b49ce4f09b,images/81b49ce4f09b.jpg,50.795155,255,3
81c1ebd67a56,images/81c1ebd67a56.jpg,27.245549,271,1
81c34f0f480f,images/81c34f0f480f.jpg,50.795155,255,3
81d4dff21de2,images/81d4dff21de2.jpg,48.138003,168,3
81e083f34a6f,images/81e083f34a6f.jpg,4.0,249,0
82173535a1e3,images/82173535a1e3.jpg,4.0,218,0
82390b223eea,images/82390b223eea.jpg,33.219347,241,1
825bc6990084,images/825bc6990084.jpg,47.772354,170,2
82790faf5934,images/82790faf5934.jpg,27.245549,271,1
8281fc94c677,images/8281fc94c677.jpg,0.0,81,0
828ad458cb43,images/828ad458cb43.jpg,44.425396,261,2
828d12114445,images/828d12114445.jpg,0.0,118,0
828fe22c09b5,images/828fe22c09b5.jpg,59.014794,203,3
828fe7c53fef,images/828fe7c53fef.jpg,47.788986,235,2
82a93e937a84,images/82a93e937a84.jpg,53.439014,259,3
82b13e61c610,images/82b13e61c610.jpg,60.847692,245,3
82d0255ccd91,images/82d0255ccd91.jpg,40.989016,10,2
8326e9d26446,images/8326e9d26446.jpg,65.445156,247,3
8331f2499ee7,images/8331f2499ee7.jpg,46.654801,220,2
8334dc46edb2,images/8334dc46edb2.jpg,46.743843,248,2
8335102a6a74,images/8335102a6a74.jpg,28.0,260,1
83414cef12e7,images/83414cef12e7.jpg,45.474809,173,2
834e8fcef6b0,images/834e8fcef6b0.jpg,50.433723,264,3
83582fe7d125,images/83582fe7d125.jpg,48.115169,144,3
835ec9b09a0f,images/835ec9b09a0f.jpg,35.593296,82,2
836794571f60,images/836794571f60.jpg,33.219347,241,1
83859703a90b,images/83859703a90b.jpg,65.718386,240,3
838ce13d4532,images/838ce13d4532.jpg,4.0,269,0
838e22847cb1,images/838e22847cb1.jpg,4.0,145,0
8390db41a557,images/8390db41a557.jpg,4.0,10,0
83b0b679c20a,images/83b0b679c20a.jpg,27.246714,232,1
83b104c858e1,images/83b104c858e1.jpg,61.601185,192,3
83b324018112,images/83b324018112.jpg,50.433723,264,3
83b9d2daaeb3,images/83b9d2daaeb3.jpg,50.560926,182,3
83c4e3d89c73,images/83c4e3d89c73.jpg,31.404094,267,1
83d07caeb8b5,images/83d07caeb8b5.jpg,47.78352,268,2
83d5d23002b1,images/83d5d23002b1.jpg,66.827561,254,3
83d6c5758f7e,images/83d6c5758f7e.jpg,4.0,252,0
842605730678,images/842605730678.jpg,27.245549,271,1
844494c3734e,images/844494c3734e.jpg,61.599305,132,3
84640592777a,images/84640592777a.jpg,4.0,210,0
8466881093e5,images/8466881093e5.jpg,61.533161,254,3
847b99590b98,images/847b99590b98.jpg,44.703479,109,2
848e9af68a4c,images/848e9af68a4c.jpg,27.245549,271,1
849e65c02884,images/849e65c02884.jpg,28.0,10,1
84d039114b4c,images/84d039114b4c.jpg,47.756154,257,2
84e3a5f53efd,images/84e3a5f53efd.jpg,33.210329,185,1
84e97dfd7b75,images/84e97dfd7b75.jpg,0.0,83,0
84f3f046be54,images/84f3f046be54.jpg,4.0,194,0
8507da989408,images/8507da989408.jpg,65.445156,247,3
851eb5e027b7,images/851eb5e027b7.jpg,32.163341,267,1
853196b25518,images/853196b25518.jpg,47.345483,243,2
8579cf77882b,images/8579cf77882b.jpg,27.245549,271,1
85829b552028,images/85829b552028.jpg,61.692695,258,3
8582a0d951d1,images/8582a0d951d1.jpg,47.756154,257,2
8584ca2f6302,images/8584ca2f6302.jpg,61.76427,268,3
85a987e4c8f6,images/85a987e4c8f6.jpg,32.163341,267,1
85b679f6f2c1,images/85b679f6f2c1.jpg,54.619022,84,3
85b8018fe595,images/85b8018fe595.jpg,4.0,198,0
85e812251a87,images/85e812251a87.jpg,27.245549,271,1
85e91e927687,images/85e91e927687.jpg,53.843117,182,3
85f40d3075a7,images/85f40d3075a7.jpg,61.692695,258,3
85fcadcc7904,images/85fcadcc7904.jpg,47.756154,257,2
861251e40cec,images/861251e40cec.jpg,61.692695,258,3
86184559e29f,images/86184559e29f.jpg,4.0,85,0
861956fdf139,images/861956fdf139.jpg,42.388177,34,2
863b308a7cb0,images/863b308a7cb0.jpg,4.0,269,0
864cc06e9f26,images/864cc06e9f26.jpg,4.0,218,0
864e477bbee4,images/864e477bbee4.jpg,47.895442,233,2
8663edf3975f,images/8663edf3975f.jpg,52.949495,254,3
8669429770ee,images/8669429770ee.jpg,4.0,269,0
866ba1439017,images/866ba1439017.jpg,50.142773,188,3
86719c3da192,images/86719c3da192.jpg,32.979939,253,1
868322ab4daa,images/868322ab4daa.jpg,31.404094,267,1
869601f58b6c,images/869601f58b6c.jpg,26.551286,86,1
86a1d637d2ba,images/86a1d637d2ba.jpg,45.724566,250,2
86d7f9da56bf,images/86d7f9da56bf.jpg,30.250625,246,1
86e61e51d96c,images/86e61e51d96c.jpg,48.701797,150,3
86e867bc454c,images/86e867bc454c.jpg,32.979939,253,1
86ec66e030d5,images/86ec66e030d5.jpg,4.0,152,0
870102418cd3,images/870102418cd3.jpg,32.163341,267,1
871d90cb232c,images/871d90cb232c.jpg,47.772354,170,2
873e84bd83dd,images/873e84bd83dd.jpg,4.0,218,0
87523b358cfa,images/87523b358cfa.jpg,53.208938,242,3
877fc9ba37aa,images/877fc9ba37aa.jpg,27.246714,232,1
878176ab08ed,images/878176ab08ed.jpg,0.0,83,0
87904a61ad33,images/87904a61ad33.jpg,32.979939,253,1
879a41d6ed32,images/879a41d6ed32.jpg,46.114278,137,2
87b1363a879e,images/87b1363a879e.jpg,4.0,10,0
87c9e4875f23,images/87c9e4875f23.jpg,4.0,10,0
87ecc36a0aeb,images/87ecc36a0aeb.jpg,61.599305,132,3
87f1866a3c43,images/87f1866a3c43.jpg,61.692695,258,3
880f5bc1933d,images/880f5bc1933d.jpg,0.0,130,0
8827bef5795a,images/8827bef5795a.jpg,53.108162,261,3
882cb8845584,images/882cb8845584.jpg,27.245549,271,1
8846beaa8d5a,images/8846beaa8d5a.jpg,48.434449,229,3
884e4b2a998f,images/884e4b2a998f.jpg,61.655076,178,3
884fe85b099b,images/884fe85b099b.jpg,61.692695,258,3
885e15be82d0,images/885e15be82d0.jpg,50.433723,264,3
885e442e0de9,images/885e442e0de9.jpg,32.979939,253,1
885fd180ecd9,images/885fd180ecd9.jpg,32.163341,267,1
88609c8037d6,images/88609c8037d6.jpg,58.988917,216,3
8860ef61fff4,images/8860ef61fff4.jpg,28.0,10,1
887a333c82cd,images/887a333c82cd.jpg,47.952342,239,2
88822930a3c3,images/88822930a3c3.jpg,54.46646,214,3
888de5834780,images/888de5834780.jpg,50.795155,255,3
88b98f3d15dd,images/88b98f3d15dd.jpg,27.245549,271,1
88cda26c5a28,images/88cda26c5a28.jpg,44.126016,261,2
88d620ea15ab,images/88d620ea15ab.jpg,47.770235,222,2
88dacc063e6d,images/88dacc063e6d.jpg,50.300215,13,3
88f99affaa08,images/88f99affaa08.jpg,47.756154,257,2
890acffcd1b2,images/890acffcd1b2.jpg,47.867833,163,2
891945789e3c,images/891945789e3c.jpg,50.795155,255,3
891e3f8e3255,images/891e3f8e3255.jpg,52.949495,254,3
893144f415f1,images/893144f415f1.jpg,27.245549,271,1
894b981d9232,images/894b981d9232.jpg,59.014794,203,3
894e6e98cf67,images/894e6e98cf67.jpg,46.032009,256,2
895acf3c9211,images/895acf3c9211.jpg,47.756154,257,2
895e4a5e86fa,images/895e4a5e86fa.jpg,61.601185,192,3
8975d010ee82,images/8975d010ee82.jpg,48.038821,207,3
89836e4af1f2,images/89836e4af1f2.jpg,27.246714,232,1
89843ca71b23,images/89843ca71b23.jpg,31.404094,267,1
898ebd04a8a7,images/898ebd04a8a7.jpg,4.0,269,0
899262a2fe84,images/899262a2fe84.jpg,4.0,10,0
899699e4aa8f,images/899699e4aa8f.jpg,25.467926,86,1
899789de4a8b,images/899789de4a8b.jpg,61.692695,258,3
899be8fbd26b,images/899be8fbd26b.jpg,4.0,251,0
899bfe8a1d4a,images/899bfe8a1d4a.jpg,32.163341,267,1
89a4cd5c69e5,images/89a4cd5c69e5.jpg,50.795155,255,3
89b42864acf9,images/89b42864acf9.jpg,47.756154,257,2
89bd178e273f,images/89bd178e273f.jpg,46.006276,265,2
89bde63a2b04,images/89bde63a2b04.jpg,4.0,251,0
89c385ddf01a,images/89c385ddf01a.jpg,61.692695,258,3
89cddabc9f4f,images/89cddabc9f4f.jpg,50.433723,264,3
89d33a34bb08,images/89d33a34bb08.jpg,61.692695,258,3
8a0597d19e43,images/8a0597d19e43.jpg,53.210447,242,3
8a106aa8ae88,images/8a106aa8ae88.jpg,0.0,187,0
8a18bfcd8a4d,images/8a18bfcd8a4d.jpg,4.0,16,0
8a2b3ca42a10,images/8a2b3ca42a10.jpg,46.7916,87,2
8a4bfcd9003f,images/8a4bfcd9003f.jpg,50.795155,255,3
8a5756d8dc6e,images/8a5756d8dc6e.jpg,28.0,88,1
8a5d3456284f,images/8a5d3456284f.jpg,49.610923,264,3
8a5ffeeb9d9c,images/8a5ffeeb9d9c.jpg,47.124935,248,2
8a78dd8750da,images/8a78dd8750da.jpg,48.843761,151,3
8a90ed24e074,images/8a90ed24e074.jpg,53.659895,261,3
8a9d7c566e15,images/8a9d7c566e15.jpg,4.0,141,0
8a9f303545cd,images/8a9f303545cd.jpg,61.777617,244,3
8aa3839a464c,images/8aa3839a464c.jpg,28.0,260,1
8aaf6317c617,images/8aaf6317c617.jpg,49.478095,124,3
8abed512821e,images/8abed512821e.jpg,60.339223,240,3
8ac0a1ad4f53,images/8ac0a1ad4f53.jpg,4.0,218,0
8ad41e453791,images/8ad41e453791.jpg,47.898251,268,2
8adb5536cd2a,images/8adb5536cd2a.jpg,25.832329,260,1
8adc6d985deb,images/8adc6d985deb.jpg,66.177195,270,3
8ae3f373f826,images/8ae3f373f826.jpg,33.569643,182,1
8ae6247f8c3f,images/8ae6247f8c3f.jpg,50.433723,264,3
8af5a602d614,images/8af5a602d614.jpg,4.0,89,0
8af87a003ecb,images/8af87a003ecb.jpg,48.308879,132,3
8b0487f84562,images/8b0487f84562.jpg,4.0,249,0
8b246d4b0a1a,images/8b246d4b0a1a.jpg,52.949495,254,3
8b29da7be1cc,images/8b29da7be1cc.jpg,50.433723,264,3
8b4abd432d65,images/8b4abd432d65.jpg,47.78352,268,2
8b57e1c2c3a8,images/8b57e1c2c3a8.jpg,45.401358,148,2
8b58a3778855,images/8b58a3778855.jpg,28.0,10,1
8b5d0117aab2,images/8b5d0117aab2.jpg,53.208938,242,3
8b62447ef8a4,images/8b62447ef8a4.jpg,46.743843,248,2
8b6fb363c742,images/8b6fb363c742.jpg,50.433723,264,3
8b73ece159c2,images/8b73ece159c2.jpg,0.0,90,0
8b80a00e68fc,images/8b80a00e68fc.jpg,27.245549,271,1
8b81ffcbf418,images/8b81ffcbf418.jpg,4.0,218,0
8bac5eb95605,images/8bac5eb95605.jpg,22.348519,10,1
8bb380f77512,images/8bb380f77512.jpg,32.163341,267,1
8bcb245f12f6,images/8bcb245f12f6.jpg,4.0,10,0
8bd0ca1ff996,images/8bd0ca1ff996.jpg,48.459726,182,3
8bf10a9380a6,images/8bf10a9380a6.jpg,46.006276,265,2
8c06e1aa536f,images/8c06e1aa536f.jpg,41.142443,205,2
8c1a6c4d9955,images/8c1a6c4d9955.jpg,59.0968,245,3
8c1e230df13a,images/8c1e230df13a.jpg,4.0,121,0
8c26a500b833,images/8c26a500b833.jpg,46.353476,250,2
8c385adaf7ef,images/8c385adaf7ef.jpg,47.895442,233,2
8c3fb8d94e76,images/8c3fb8d94e76.jpg,61.748616,224,3
8c41bb510ddc,images/8c41bb510ddc.jpg,4.0,157,0
8c5d2a126b4b,images/8c5d2a126b4b.jpg,61.692695,258,3
8c6894d37ba1,images/8c6894d37ba1.jpg,44.148421,220,2
8c6be22636ed,images/8c6be22636ed.jpg,4.0,145,0
8c6fdfd8d942,images/8c6fdfd8d942.jpg,47.793422,248,2
8c8173f7a5c9,images/8c8173f7a5c9.jpg,41.776567,262,2
8c92046d8e75,images/8c92046d8e75.jpg,47.196622,191,2
8c9a29e7808e,images/8c9a29e7808e.jpg,61.692695,258,3
8c9d9837966a,images/8c9d9837966a.jpg,4.0,10,0
8c9e3409de42,images/8c9e3409de42.jpg,47.846504,262,2
8ca94de2be33,images/8ca94de2be33.jpg,43.618034,250,2
8cb7afa46a34,images/8cb7afa46a34.jpg,50.426162,199,3
8cbdfd489cc8,images/8cbdfd489cc8.jpg,0.0,136,0
8cefe012441b,images/8cefe012441b.jpg,0.0,33,0
8cf02d7a6137,images/8cf02d7a6137.jpg,66.827561,254,3
8cfd0f5a401d,images/8cfd0f5a401d.jpg,65.445156,247,3
8d2b553a252a,images/8d2b553a252a.jpg,47.885219,248,2
8d419507370d,images/8d419507370d.jpg,4.0,234,0
8d47a5a9b1fe,images/8d47a5a9b1fe.jpg,48.634324,132,3
8d4e96e399cd,images/8d4e96e399cd.jpg,61.692695,258,3
8d534a92acff,images/8d534a92acff.jpg,45.474809,173,2
8d6033ac710f,images/8d6033ac710f.jpg,47.756154,257,2
8d61d80627fc,images/8d61d80627fc.jpg,44.751664,256,2
8d76978018c1,images/8d76978018c1.jpg,48.459726,182,3
8d8bd3bec129,images/8d8bd3bec129.jpg,53.208938,242,3
8d968bbdd1f1,images/8d968bbdd1f1.jpg,4.0,269,0
8dc28c1574d7,images/8dc28c1574d7.jpg,28.0,28,1
8df172cc34f0,images/8df172cc34f0.jpg,0.0,15,0
8df3fca3e52f,images/8df3fca3e52f.jpg,28.0,260,1
8e330cb468b3,images/8e330cb468b3.jpg,47.184219,243,2
8e38ece90438,images/8e38ece90438.jpg,48.038821,207,3
8e49e46ca666,images/8e49e46ca666.jpg,53.108162,261,3
8e4b247ad9c8,images/8e4b247ad9c8.jpg,58.801836,10,3
8e4c62f92e04,images/8e4c62f92e04.jpg,47.747842,213,2
8e698533689f,images/8e698533689f.jpg,61.692695,258,3
8e6ba3c67903,images/8e6ba3c67903.jpg,46.591223,137,2
8e813191b2f0,images/8e813191b2f0.jpg,27.245549,271,1
8e83cd9dec55,images/8e83cd9dec55.jpg,32.979939,253,1
8e8f3b12e4c1,images/8e8f3b12e4c1.jpg,30.250625,246,1
8e95306c4f45,images/8e95306c4f45.jpg,27.245549,271,1
8e9d2b1b7d38,images/8e9d2b1b7d38.jpg,52.949495,254,3
8e9d40eb70eb,images/8e9d40eb70eb.jpg,47.146307,137,2
8ea845db76d1,images/8ea845db76d1.jpg,50.433723,264,3
8eacbdccc3c1,images/8eacbdccc3c1.jpg,50.795155,255,3
8ead4300e6c9,images/8ead4300e6c9.jpg,4.0,130,0
8eb922949f1b,images/8eb922949f1b.jpg,65.445156,247,3
8ee8f417ce4e,images/8ee8f417ce4e.jpg,4.0,228,0
8efecddfcb36,images/8efecddfcb36.jpg,47.747842,213,2
8f3242089720,images/8f3242089720.jpg,49.397464,133,3
8f33d24bb09c,images/8f33d24bb09c.jpg,46.091598,250,2
8f5037e20dab,images/8f5037e20dab.jpg,48.010988,207,3
8f664ba92773,images/8f664ba92773.jpg,61.692695,258,3
8f7089236474,images/8f7089236474.jpg,30.34291,237,1
8f871df74854,images/8f871df74854.jpg,42.800832,134,2
8f8bd705d31e,images/8f8bd705d31e.jpg,4.0,10,0
8fa277e44c34,images/8fa277e44c34.jpg,46.783768,13,2
8fadeb873ede,images/8fadeb873ede.jpg,26.109484,260,1
8fbfe3982ca0,images/8fbfe3982ca0.jpg,46.006276,265,2
8fcc5b73800d,images/8fcc5b73800d.jpg,50.300215,13,3
8fd2d9f54f06,images/8fd2d9f54f06.jpg,50.795155,255,3
8fd85c9282a5,images/8fd85c9282a5.jpg,44.425396,261,2
8fe693c60011,images/8fe693c60011.jpg,61.692695,258,3
8ff8e0e5fedf,images/8ff8e0e5fedf.jpg,27.246714,232,1
90116ca4b2e8,images/90116ca4b2e8.jpg,50.300215,13,3
901408d292d0,images/901408d292d0.jpg,27.245549,271,1
90153c020a68,images/90153c020a68.jpg,50.142773,188,3
901b4c9e651e,images/901b4c9e651e.jpg,28.0,260,1
902e1e376dc3,images/902e1e376dc3.jpg,50.433723,264,3
90311a36b387,images/90311a36b387.jpg,47.921061,235,2
905e2c1e7ae2,images/905e2c1e7ae2.jpg,31.788687,267,1
9066d021159c,images/9066d021159c.jpg,4.0,16,0
907f51c0756d,images/907f51c0756d.jpg,45.401358,148,2
908437f81d99,images/908437f81d99.jpg,52.949495,254,3
90875b8122e0,images/90875b8122e0.jpg,50.795155,255,3
9088eaf59d8b,images/9088eaf59d8b.jpg,4.0,135,0
909e4fafe881,images/909e4fafe881.jpg,4.0,251,0
90c81f7b9a3f,images/90c81f7b9a3f.jpg,47.948337,202,2
90c940e31825,images/90c940e31825.jpg,4.0,152,0
90d29af04200,images/90d29af04200.jpg,61.777617,244,3
90d9c061aebf,images/90d9c061aebf.jpg,46.091598,250,2
90f0b20529db,images/90f0b20529db.jpg,43.74953,164,2
90f8bf7bea23,images/90f8bf7bea23.jpg,28.0,204,1
910f6ecce376,images/910f6ecce376.jpg,27.245549,271,1
911760f010b0,images/911760f010b0.jpg,61.679352,241,3
911c4eefa80a,images/911c4eefa80a.jpg,32.163341,267,1
911cf4a59ec3,images/911cf4a59ec3.jpg,66.177195,270,3
911dc43e8f06,images/911dc43e8f06.jpg,61.748616,224,3
91282b83c187,images/91282b83c187.jpg,50.433723,264,3
912d97b37344,images/912d97b37344.jpg,65.445156,247,3
91312f79cbf3,images/91312f79cbf3.jpg,32.163341,267,1
913343b591e5,images/913343b591e5.jpg,47.747842,213,2
9137ddeca87e,images/9137ddeca87e.jpg,46.889748,248,2
9138a66eb953,images/9138a66eb953.jpg,4.0,218,0
914ed78f7483,images/914ed78f7483.jpg,42.077632,13,2
916249b53313,images/916249b53313.jpg,61.550937,132,3
91839b2e8480,images/91839b2e8480.jpg,0.0,91,0
91b82ab60cd4,images/91b82ab60cd4.jpg,48.459726,182,3
91bc3e30faa2,images/91bc3e30faa2.jpg,61.692695,258,3
91f826131103,images/91f826131103.jpg,60.847692,245,3
91f92aff4295,images/91f92aff4295.jpg,38.461819,205,2
91fa4707e671,images/91fa4707e671.jpg,46.68274,137,2
9205bb70f9b3,images/9205bb70f9b3.jpg,65.445156,247,3
921c9581d21e,images/921c9581d21e.jpg,61.612268,236,3
9267c32ca7d2,images/9267c32ca7d2.jpg,60.847692,245,3
92681cc0dcc5,images/92681cc0dcc5.jpg,61.147816,132,3
9268c895ed34,images/9268c895ed34.jpg,61.245509,132,3
926a7070f43b,images/926a7070f43b.jpg,66.177195,270,3
927040424b06,images/927040424b06.jpg,4.0,201,0
92744ee3dd95,images/92744ee3dd95.jpg,48.634324,132,3
92802c919559,images/92802c919559.jpg,46.032009,256,2
9281da303f33,images/9281da303f33.jpg,47.91948,266,2
928772b2368b,images/928772b2368b.jpg,32.163341,267,1
92a189a4484d,images/92a189a4484d.jpg,4.0,269,0
92b344e2e9a9,images/92b344e2e9a9.jpg,58.800632,124,3
92c5f1b64d62,images/92c5f1b64d62.jpg,44.857811,220,2
92d62012a61f,images/92d62012a61f.jpg,48.194579,230,3
92d6dfc56935,images/92d6dfc56935.jpg,50.795155,255,3
92e115f24f9e,images/92e115f24f9e.jpg,47.184219,243,2
92e71a722919,images/92e71a722919.jpg,4.0,252,0
9300bb44f7c5,images/9300bb44f7c5.jpg,49.349267,261,3
93035337fe6f,images/93035337fe6f.jpg,41.776567,262,2
931ec7d170c5,images/931ec7d170c5.jpg,4.0,194,0
9326b380a6f2,images/9326b380a6f2.jpg,46.091598,250,2
932fbfc2e3f4,images/932fbfc2e3f4.jpg,47.747842,213,2
933826a4fa4b,images/933826a4fa4b.jpg,41.09006,205,2
9349e3787659,images/9349e3787659.jpg,47.01214,248,2
935096dd1311,images/935096dd1311.jpg,4.0,10,0
9352ca593b09,images/9352ca593b09.jpg,40.6842,146,2
9358d2252f2e,images/9358d2252f2e.jpg,27.245549,271,1
9361df31369f,images/9361df31369f.jpg,30.250625,246,1
936d49344a1a,images/936d49344a1a.jpg,59.401722,268,3
93717c67e61f,images/93717c67e61f.jpg,27.244136,110,1
93725e88d842,images/93725e88d842.jpg,28.0,260,1
93743afc780f,images/93743afc780f.jpg,61.692695,258,3
938282a0f031,images/938282a0f031.jpg,45.401358,148,2
939a6e49108e,images/939a6e49108e.jpg,66.177195,270,3
939e5b071328,images/939e5b071328.jpg,32.163341,267,1
93b4e3dbe7d9,images/93b4e3dbe7d9.jpg,4.0,92,0
93c213944985,images/93c213944985.jpg,50.142773,188,3
93dbced05636,images/93dbced05636.jpg,47.823675,172,2
93e33101e475,images/93e33101e475.jpg,22.784483,10,1
93ed946b0f08,images/93ed946b0f08.jpg,47.78352,268,2
93f30b8999d8,images/93f30b8999d8.jpg,4.0,210,0
94197e712c06,images/94197e712c06.jpg,32.979939,253,1
9428263358b7,images/9428263358b7.jpg,50.795155,255,3
943726dba652,images/943726dba652.jpg,61.692695,258,3
944512dc9a32,images/944512dc9a32.jpg,4.0,252,0
944e820dfb5a,images/944e820dfb5a.jpg,30.171154,10,1
945f5687013d,images/945f5687013d.jpg,4.0,251,0
9471c810fa46,images/9471c810fa46.jpg,48.050318,229,3
9479550ed526,images/9479550ed526.jpg,25.467926,86,1
9479fc6e746a,images/9479fc6e746a.jpg,4.0,152,0
947d7aaf248a,images/947d7aaf248a.jpg,53.208938,242,3
948b252d89eb,images/948b252d89eb.jpg,48.029351,150,3
948db26bea8e,images/948db26bea8e.jpg,53.843117,182,3
94a99276ec9a,images/94a99276ec9a.jpg,56.041897,111,3
94ab665ae9ac,images/94ab665ae9ac.jpg,50.433723,264,3
95041db32516,images/95041db32516.jpg,31.404094,267,1
951ec9673b04,images/951ec9673b04.jpg,30.250625,246,1
952525298e76,images/952525298e76.jpg,27.245549,271,1
9525ce57e290,images/9525ce57e290.jpg,0.0,83,0
95287503246f,images/95287503246f.jpg,58.677256,132,3
9535f2a10202,images/9535f2a10202.jpg,0.0,10,0
9572312319b0,images/9572312319b0.jpg,32.163341,267,1
9584b7b7f5ae,images/9584b7b7f5ae.jpg,28.0,260,1
9584efd19484,images/9584efd19484.jpg,32.979939,253,1
958ab3332180,images/958ab3332180.jpg,0.0,83,0
958c0fcac3c7,images/958c0fcac3c7.jpg,53.843117,182,3
958f6058e7b6,images/958f6058e7b6.jpg,50.795155,255,3
9594e8dfb94c,images/9594e8dfb94c.jpg,61.601185,192,3
95a7c002cf36,images/95a7c002cf36.jpg,27.246714,232,1
95b5d138a193,images/95b5d138a193.jpg,28.0,260,1
95b789c5debb,images/95b789c5debb.jpg,4.0,227,0
95c07b7aa46d,images/95c07b7aa46d.jpg,4.0,218,0
95c64cab8d2a,images/95c64cab8d2a.jpg,27.245549,271,1
95eff2399947,images/95eff2399947.jpg,4.0,227,0
9601fd17e632,images/9601fd17e632.jpg,52.858436,248,3
960ccaf87c1c,images/960ccaf87c1c.jpg,45.401358,148,2
961caa43e0a0,images/961caa43e0a0.jpg,4.0,252,0
96213e09f3cf,images/96213e09f3cf.jpg,49.448514,124,3
9639d175a3b4,images/9639d175a3b4.jpg,50.795155,255,3
963ddde2d3fe,images/963ddde2d3fe.jpg,55.039797,184,3
9642f0440e80,images/9642f0440e80.jpg,48.038821,207,3
966c1e8129fb,images/966c1e8129fb.jpg,42.800832,134,2
96798ca9f410,images/96798ca9f410.jpg,4.0,210,0
967b8c0c7376,images/967b8c0c7376.jpg,61.692695,258,3
968371a58a98,images/968371a58a98.jpg,0.0,130,0
968ad42065b7,images/968ad42065b7.jpg,28.0,260,1
9696f6863dc2,images/9696f6863dc2.jpg,48.634324,132,3
969aa69dbcfc,images/969aa69dbcfc.jpg,50.795155,255,3
969db8825224,images/969db8825224.jpg,53.208938,242,3
969f9b512ec8,images/969f9b512ec8.jpg,4.0,252,0
96a7912e6c50,images/96a7912e6c50.jpg,49.258997,47,3
96a802827758,images/96a802827758.jpg,26.109484,260,1
96a95b150c73,images/96a95b150c73.jpg,47.867833,163,2
96b96940cb8d,images/96b96940cb8d.jpg,61.601185,192,3
96c1b306a389,images/96c1b306a389.jpg,49.610923,264,3
96c6fa9a0dc4,images/96c6fa9a0dc4.jpg,47.184219,243,2
96d557e69afc,images/96d557e69afc.jpg,0.0,93,0
96e8ee0f6e8d,images/96e8ee0f6e8d.jpg,40.956666,10,2
96ec0a5bdc4c,images/96ec0a5bdc4c.jpg,31.404094,267,1
96f60895a1b2,images/96f60895a1b2.jpg,50.795155,255,3
96fc949d4940,images/96fc949d4940.jpg,4.0,209,0
970f42ee05df,images/970f42ee05df.jpg,4.0,94,0
9717f46cd634,images/9717f46cd634.jpg,4.0,194,0
971c4d79d716,images/971c4d79d716.jpg,4.0,252,0
9727fdb2c877,images/9727fdb2c877.jpg,33.569643,182,1
97311c7f6020,images/97311c7f6020.jpg,41.075223,205,2
9734bf15564f,images/9734bf15564f.jpg,0.0,159,0
97359a671974,images/97359a671974.jpg,50.433723,264,3
97375ab439a4,images/97375ab439a4.jpg,47.952342,239,2
97382e90fc97,images/97382e90fc97.jpg,25.832329,260,1
973c0d982896,images/973c0d982896.jpg,32.163341,267,1
973f757cd65d,images/973f757cd65d.jpg,44.126016,261,2
974f7d2d2cdd,images/974f7d2d2cdd.jpg,54.713977,172,3
9776704bcb1c,images/9776704bcb1c.jpg,31.404094,267,1
9785b0a3bf4b,images/9785b0a3bf4b.jpg,50.433723,264,3
97975e19c28a,images/97975e19c28a.jpg,4.0,152,0
97982bddc235,images/97982bddc235.jpg,23.065695,11,1
97a1a9c19350,images/97a1a9c19350.jpg,49.647034,119,3
97ae207038dd,images/97ae207038dd.jpg,53.399759,173,3
97b2dbaad5c5,images/97b2dbaad5c5.jpg,47.91948,266,2
97b6a7b74093,images/97b6a7b74093.jpg,49.31287,150,3
97c992da4a33,images/97c992da4a33.jpg,0.0,79,0
97dbb8de1012,images/97dbb8de1012.jpg,48.634324,132,3
97e5d98c9904,images/97e5d98c9904.jpg,49.610923,264,3
97ea7195e692,images/97ea7195e692.jpg,46.140188,265,2
980a3f31c6da,images/980a3f31c6da.jpg,59.014794,203,3
982291c3c074,images/982291c3c074.jpg,50.433723,264,3
982ddcfa48cd,images/982ddcfa48cd.jpg,60.847692,245,3
984b31589678,images/984b31589678.jpg,22.687589,10,1
9861350851f3,images/9861350851f3.jpg,48.459726,182,3
9863191d44f0,images/9863191d44f0.jpg,50.795155,255,3
988f33c03d6a,images/988f33c03d6a.jpg,61.692695,258,3
989cc24dfafd,images/989cc24dfafd.jpg,32.163341,267,1
98a36b858c3c,images/98a36b858c3c.jpg,4.0,251,0
98b0c08a627d,images/98b0c08a627d.jpg,66.827561,254,3
98b0f2703ab6,images/98b0f2703ab6.jpg,45.474809,173,2
98b3e7fc9668,images/98b3e7fc9668.jpg,28.0,260,1
98b56b92fe10,images/98b56b92fe10.jpg,47.276989,137,2
98ba362d453f,images/98ba362d453f.jpg,47.78352,268,2
98c719e2b821,images/98c719e2b821.jpg,61.111068,132,3
98d24168fcf0,images/98d24168fcf0.jpg,50.433723,264,3
98e25944c295,images/98e25944c295.jpg,47.283467,243,2
98e5de2b5ae5,images/98e5de2b5ae5.jpg,61.692695,258,3
98e9d5c61f27,images/98e9d5c61f27.jpg,4.0,228,0
99120747dff9,images/99120747dff9.jpg,48.249029,235,3
993171a87f62,images/993171a87f62.jpg,32.979939,253,1
993195c6bc5b,images/993195c6bc5b.jpg,47.823675,172,2
99493c6e2458,images/99493c6e2458.jpg,4.0,218,0
99716a14cc4f,images/99716a14cc4f.jpg,41.776567,262,2
998fad4a008e,images/998fad4a008e.jpg,46.006276,265,2
999addb18050,images/999addb18050.jpg,47.78352,268,2
99a5a91c89af,images/99a5a91c89af.jpg,28.0,95,1
99b861dd3251,images/99b861dd3251.jpg,4.0,10,0
99c3dabe737c,images/99c3dabe737c.jpg,28.0,10,1
99c456b9dbac,images/99c456b9dbac.jpg,46.525152,10,2
99e57488584c,images/99e57488584c.jpg,53.345854,259,3
9a00a86cd8c2,images/9a00a86cd8c2.jpg,49.675993,96,3
9a1eef111871,images/9a1eef111871.jpg,46.006276,265,2
9a28b77d0d66,images/9a28b77d0d66.jpg,32.163341,267,1
9a2ef24a6289,images/9a2ef24a6289.jpg,61.599305,132,3
9a3661c41f69,images/9a3661c41f69.jpg,57.059106,263,3
9a384c424fc2,images/9a384c424fc2.jpg,50.433723,264,3
9a39a6b81cbc,images/9a39a6b81cbc.jpg,65.445156,247,3
9a42a0b789f4,images/9a42a0b789f4.jpg,47.184219,243,2
9a51ed9ad005,images/9a51ed9ad005.jpg,48.109184,248,3
9a967721f3c6,images/9a967721f3c6.jpg,61.114882,182,3
9aa1972f83ec,images/9aa1972f83ec.jpg,27.246714,232,1
9aa4c8ca24b3,images/9aa4c8ca24b3.jpg,60.811024,124,3
9ab9b8dc11ad,images/9ab9b8dc11ad.jpg,53.208938,242,3
9ac8025e4303,images/9ac8025e4303.jpg,4.0,10,0
9ad1ce7542b0,images/9ad1ce7542b0.jpg,49.125489,111,3
9ad49c17dc4e,images/9ad49c17dc4e.jpg,39.659584,97,2
9ad9e84ff844,images/9ad9e84ff844.jpg,66.893552,34,3
9aebd753bbff,images/9aebd753bbff.jpg,4.0,251,0
9aed5c07db79,images/9aed5c07db79.jpg,53.210447,242,3
9af28d131294,images/9af28d131294.jpg,50.433723,264,3
9b07d4407b98,images/9b07d4407b98.jpg,4.0,269,0
9b0febad65be,images/9b0febad65be.jpg,4.0,251,0
9b175214d5ab,images/9b175214d5ab.jpg,4.0,269,0
9b1f99dd74c1,images/9b1f99dd74c1.jpg,47.747842,213,2
9b28a2b15d8c,images/9b28a2b15d8c.jpg,61.655076,178,3
9b3a80f4cb3c,images/9b3a80f4cb3c.jpg,44.126016,261,2
9b77663a3e11,images/9b77663a3e11.jpg,34.678027,62,1
9b7bb5220740,images/9b7bb5220740.jpg,4.0,160,0
9b8421789ade,images/9b8421789ade.jpg,48.029351,150,3
9b893f3ffc94,images/9b893f3ffc94.jpg,27.245549,271,1
9b8943064850,images/9b8943064850.jpg,27.245549,271,1
9b9062925c20,images/9b9062925c20.jpg,0.0,10,0
9b9871c96f23,images/9b9871c96f23.jpg,34.86667,98,1
9bb5b6291a71,images/9bb5b6291a71.jpg,27.246714,232,1
9bd28e5f8a4c,images/9bd28e5f8a4c.jpg,61.679352,241,3
9bea02483d18,images/9bea02483d18.jpg,50.142773,188,3
9bf9a0c6704e,images/9bf9a0c6704e.jpg,48.038821,207,3
9c04277cd8c4,images/9c04277cd8c4.jpg,58.988917,216,3
9c0a0288e01a,images/9c0a0288e01a.jpg,59.147959,192,3
9c1076943191,images/9c1076943191.jpg,0.0,83,0
9c12e49b8fe6,images/9c12e49b8fe6.jpg,47.756154,257,2
9c162ee503a8,images/9c162ee503a8.jpg,40.176372,131,2
9c184134803b,images/9c184134803b.jpg,4.0,218,0
9c1e4f62f297,images/9c1e4f62f297.jpg,47.895442,233,2
9c26109c90d1,images/9c26109c90d1.jpg,50.795155,255,3
9c268c3ce0e5,images/9c268c3ce0e5.jpg,53.843117,182,3
9c30e763291d,images/9c30e763291d.jpg,61.692695,258,3
9c443836e863,images/9c443836e863.jpg,47.91948,266,2
9c450fef974a,images/9c450fef974a.jpg,45.381233,256,2
9c48852604b2,images/9c48852604b2.jpg,49.397464,133,3
9c5b202a150b,images/9c5b202a150b.jpg,28.0,10,1
9c6117918580,images/9c6117918580.jpg,27.245549,271,1
9c6327643568,images/9c6327643568.jpg,66.827561,254,3
9c76630e0d1e,images/9c76630e0d1e.jpg,4.0,252,0
9c781b1d44fb,images/9c781b1d44fb.jpg,47.788986,235,2
9c7a1ad79621,images/9c7a1ad79621.jpg,4.0,227,0
9c7c95b11eef,images/9c7c95b11eef.jpg,51.173463,137,3
9c81149a1225,images/9c81149a1225.jpg,49.610923,264,3
9c9c4e0dd46b,images/9c9c4e0dd46b.jpg,48.459726,182,3
9ca190ed9cb5,images/9ca190ed9cb5.jpg,47.895442,233,2
9ca77d8d628b,images/9ca77d8d628b.jpg,65.445156,247,3
9cb82b1cec7f,images/9cb82b1cec7f.jpg,47.747842,213,2
9cbdb05d5dbe,images/9cbdb05d5dbe.jpg,48.459726,182,3
9cc146bb7761,images/9cc146bb7761.jpg,32.163341,267,1
9ccbb779eb20,images/9ccbb779eb20.jpg,4.0,234,0
9cd080ae6bf1,images/9cd080ae6bf1.jpg,61.748616,224,3
9cd96b42f14e,images/9cd96b42f14e.jpg,27.245549,271,1
9cd9d17815b5,images/9cd9d17815b5.jpg,61.692695,258,3
9cfbe625aff5,images/9cfbe625aff5.jpg,50.795155,255,3
9d0dc9d1d4fd,images/9d0dc9d1d4fd.jpg,50.433723,264,3
9d10193c795a,images/9d10193c795a.jpg,47.090167,13,2
9d187f498f7b,images/9d187f498f7b.jpg,50.795155,255,3
9d20e3a299d0,images/9d20e3a299d0.jpg,49.071709,151,3
9d3e71b07d96,images/9d3e71b07d96.jpg,4.0,228,0
9d3ff605ee7f,images/9d3ff605ee7f.jpg,65.445156,247,3
9d47b7636dbf,images/9d47b7636dbf.jpg,47.867833,163,2
9d4b97bc5955,images/9d4b97bc5955.jpg,27.245549,271,1
9d569820a681,images/9d569820a681.jpg,60.214729,146,3
9d704142f309,images/9d704142f309.jpg,65.445156,247,3
9d7805225e10,images/9d7805225e10.jpg,50.795155,255,3
9d84fcff3b72,images/9d84fcff3b72.jpg,4.0,223,0
9d923ebf07b8,images/9d923ebf07b8.jpg,30.976866,38,1
9d9a4c09a3b9,images/9d9a4c09a3b9.jpg,65.445156,247,3
9d9aef4e298d,images/9d9aef4e298d.jpg,4.0,228,0
9d9b559d2459,images/9d9b559d2459.jpg,44.126016,261,2
9da0ef169cea,images/9da0ef169cea.jpg,49.610923,264,3
9daef22b5433,images/9daef22b5433.jpg,50.433723,264,3
9db2abe47f8f,images/9db2abe47f8f.jpg,50.795155,255,3
9dc072af3618,images/9dc072af3618.jpg,4.0,10,0
9de607430d95,images/9de607430d95.jpg,47.756154,257,2
9de9bfd72b96,images/9de9bfd72b96.jpg,28.0,186,1
9e06799213db,images/9e06799213db.jpg,41.776567,262,2
9e129cd14078,images/9e129cd14078.jpg,4.0,249,0
9e1459a248e3,images/9e1459a248e3.jpg,4.0,252,0
9e16e28f003f,images/9e16e28f003f.jpg,61.692695,258,3
9e2a5c77bae2,images/9e2a5c77bae2.jpg,41.776567,262,2
9e3229d56875,images/9e3229d56875.jpg,65.445156,247,3
9e4da3277d2c,images/9e4da3277d2c.jpg,61.692695,258,3
9e5f4fe74ca3,images/9e5f4fe74ca3.jpg,41.075223,205,2
9e68d4ad4504,images/9e68d4ad4504.jpg,40.322556,134,2
9e80f73f30e2,images/9e80f73f30e2.jpg,23.272232,86,1
9e8503397bd8,images/9e8503397bd8.jpg,60.847692,245,3
9e8a9bbbe55f,images/9e8a9bbbe55f.jpg,50.795155,255,3
9e8ff1527bf7,images/9e8ff1527bf7.jpg,47.184219,243,2
9ea2c8e886fc,images/9ea2c8e886fc.jpg,48.215759,248,3
9ec5338f0eb5,images/9ec5338f0eb5.jpg,47.78352,268,2
9ee5cdd9fb78,images/9ee5cdd9fb78.jpg,47.756154,257,2
9f11d5d2f7d1,images/9f11d5d2f7d1.jpg,61.692695,258,3
9f1d62cde441,images/9f1d62cde441.jpg,4.0,238,0
9f235d0c3c35,images/9f235d0c3c35.jpg,65.445156,247,3
9f29c38668fb,images/9f29c38668fb.jpg,61.748616,224,3
9f473d362028,images/9f473d362028.jpg,50.433723,264,3
9f4a7f42e7e8,images/9f4a7f42e7e8.jpg,4.0,226,0
9f51c1ff3e9c,images/9f51c1ff3e9c.jpg,53.178369,259,3
9f57bf09515d,images/9f57bf09515d.jpg,60.847692,245,3
9f57c31fd93d,images/9f57c31fd93d.jpg,28.0,186,1
9f687b6fb93a,images/9f687b6fb93a.jpg,44.845829,10,2
9f7b9e76bc1a,images/9f7b9e76bc1a.jpg,32.979939,253,1
9fb7a4c62f64,images/9fb7a4c62f64.jpg,52.68866,248,3
9fcabae585b1,images/9fcabae585b1.jpg,48.459726,182,3
9fdec5902ce5,images/9fdec5902ce5.jpg,50.433723,264,3
9fe2bcb33d02,images/9fe2bcb33d02.jpg,34.190379,177,1
9fed29444f14,images/9fed29444f14.jpg,32.979939,253,1
a00e22c9d331,images/a00e22c9d331.jpg,45.508555,10,2
a00fe23c7a5c,images/a00fe23c7a5c.jpg,50.795155,255,3
a0122c32c59a,images/a0122c32c59a.jpg,47.91948,266,2
a053c8466223,images/a053c8466223.jpg,0.0,83,0
a0541a7b4370,images/a0541a7b4370.jpg,53.570275,259,3
a0574247e0e9,images/a0574247e0e9.jpg,47.78352,268,2
a069bde227e9,images/a069bde227e9.jpg,50.433723,264,3
a0717317bcfa,images/a0717317bcfa.jpg,50.795155,255,3
a086db2acba3,images/a086db2acba3.jpg,61.692695,258,3
a08ab0dcf954,images/a08ab0dcf954.jpg,33.210329,185,1
a0be03062f1a,images/a0be03062f1a.jpg,42.734745,10,2
a0d3e0ef7981,images/a0d3e0ef7981.jpg,52.68866,248,3
a0e03eece8c2,images/a0e03eece8c2.jpg,33.219347,241,1
a0eb12ff9b38,images/a0eb12ff9b38.jpg,60.847692,245,3
a0ef98f15181,images/a0ef98f15181.jpg,4.0,251,0
a0f49149d8e1,images/a0f49149d8e1.jpg,4.0,218,0
a0f9559b2cab,images/a0f9559b2cab.jpg,4.0,251,0
a106665ad222,images/a106665ad222.jpg,31.404094,267,1
a106c306ea80,images/a106c306ea80.jpg,50.588779,99,3
a1081741f561,images/a1081741f561.jpg,53.19739,242,3
a126086e1b80,images/a126086e1b80.jpg,50.795155,255,3
a1279c938594,images/a1279c938594.jpg,46.091598,250,2
a131dbd4175f,images/a131dbd4175f.jpg,41.776567,262,2
a1412153dc45,images/a1412153dc45.jpg,4.0,210,0
a148ef6ea397,images/a148ef6ea397.jpg,28.0,260,1
a16ce5539d3f,images/a16ce5539d3f.jpg,53.210447,242,3
a178b0b31687,images/a178b0b31687.jpg,50.433723,264,3
a17b3a6fb88c,images/a17b3a6fb88c.jpg,32.163341,267,1
a18677a44add,images/a18677a44add.jpg,44.751664,256,2
a18f3bec911b,images/a18f3bec911b.jpg,32.979939,253,1
a19733f84e0c,images/a19733f84e0c.jpg,49.610923,264,3
a1ae5ad6cef0,images/a1ae5ad6cef0.jpg,32.979939,253,1
a1af64be9de4,images/a1af64be9de4.jpg,57.057184,101,3
a1dac6ca5d8c,images/a1dac6ca5d8c.jpg,4.0,10,0
a1e34cd5fe52,images/a1e34cd5fe52.jpg,4.0,100,0
a1f354d89b4b,images/a1f354d89b4b.jpg,46.091598,250,2
a1f482980090,images/a1f482980090.jpg,4.0,227,0
a1f5d3f0b92b,images/a1f5d3f0b92b.jpg,47.184219,243,2
a20111ad7739,images/a20111ad7739.jpg,32.163341,267,1
a2068f4eba90,images/a2068f4eba90.jpg,4.0,251,0
a209e5857d1a,images/a209e5857d1a.jpg,66.177195,270,3
a21e85402da4,images/a21e85402da4.jpg,27.246714,232,1
a230ef189225,images/a230ef189225.jpg,44.703479,109,2
a257f94d85b3,images/a257f94d85b3.jpg,4.0,112,0
a25fe3d95f75,images/a25fe3d95f75.jpg,44.425396,261,2
a2659524f07a,images/a2659524f07a.jpg,47.78352,268,2
a26c8c415dcc,images/a26c8c415dcc.jpg,47.889289,126,2
a2931f2c11ce,images/a2931f2c11ce.jpg,4.0,198,0
a29b4a15d17e,images/a29b4a15d17e.jpg,47.772354,170,2
a29c0f27e677,images/a29c0f27e677.jpg,61.748616,224,3
a2a49b8ce9fc,images/a2a49b8ce9fc.jpg,60.847692,245,3
a2b309447f12,images/a2b309447f12.jpg,53.843117,182,3
a2c1f935512b,images/a2c1f935512b.jpg,32.163341,267,1
a2d83722914d,images/a2d83722914d.jpg,47.609453,10,2
a2eb52788e7a,images/a2eb52788e7a.jpg,27.245549,271,1
a304220fcf55,images/a304220fcf55.jpg,30.250625,246,1
a3072626a0a9,images/a3072626a0a9.jpg,47.895442,233,2
a3277c806451,images/a3277c806451.jpg,47.867833,163,2
a3291221f866,images/a3291221f866.jpg,4.0,210,0
a32e8e43749b,images/a32e8e43749b.jpg,31.404094,267,1
a33669325bcf,images/a33669325bcf.jpg,64.448355,101,3
a347b727ad92,images/a347b727ad92.jpg,47.78352,268,2
a34dcb492449,images/a34dcb492449.jpg,60.667158,169,3
a35f37ff1f54,images/a35f37ff1f54.jpg,60.847692,245,3
a3704481bfdf,images/a3704481bfdf.jpg,61.173497,132,3
a3765b5eee12,images/a3765b5eee12.jpg,4.0,102,0
a37b99894647,images/a37b99894647.jpg,41.18815,219,2
a380afad912f,images/a380afad912f.jpg,28.0,260,1
a3818c143db4,images/a3818c143db4.jpg,66.177195,270,3
a3939bbb9dd2,images/a3939bbb9dd2.jpg,61.748616,224,3
a3a00ef78cd9,images/a3a00ef78cd9.jpg,49.211785,163,3
a3aac0315ba9,images/a3aac0315ba9.jpg,47.78352,268,2
a3aeefccaff2,images/a3aeefccaff2.jpg,41.776567,262,2
a3b5e2773583,images/a3b5e2773583.jpg,40.176372,131,2
a3dfb0dba400,images/a3dfb0dba400.jpg,0.0,33,0
a3e96fda0ea3,images/a3e96fda0ea3.jpg,61.692695,258,3
a3ec875e45df,images/a3ec875e45df.jpg,27.245549,271,1
a3ecea8df882,images/a3ecea8df882.jpg,51.405715,103,3
a3ed65f7a996,images/a3ed65f7a996.jpg,25.832329,260,1
a3f0850586ce,images/a3f0850586ce.jpg,40.322556,134,2
a3f28d8e3981,images/a3f28d8e3981.jpg,33.219347,241,1
a3ff5a551102,images/a3ff5a551102.jpg,48.31141,248,3
a439032bd2c9,images/a439032bd2c9.jpg,47.91948,266,2
a44b376a3cea,images/a44b376a3cea.jpg,47.345483,243,2
a45fdb66d788,images/a45fdb66d788.jpg,32.979939,253,1
a464418089be,images/a464418089be.jpg,44.751664,256,2
a471165796b5,images/a471165796b5.jpg,48.459726,182,3
a4a0d6f53dfc,images/a4a0d6f53dfc.jpg,48.050318,229,3
a4a7d89836f2,images/a4a7d89836f2.jpg,50.795155,255,3
a4aed436f24a,images/a4aed436f24a.jpg,27.245549,271,1
a4b333c68354,images/a4b333c68354.jpg,38.449854,205,2
a4b3a490fdc6,images/a4b3a490fdc6.jpg,47.184219,243,2
a4d1d52b5673,images/a4d1d52b5673.jpg,44.126016,261,2
a4d33b7e0a33,images/a4d33b7e0a33.jpg,0.0,187,0
a4ec4791ca54,images/a4ec4791ca54.jpg,50.300215,13,3
a4f1be39cfb7,images/a4f1be39cfb7.jpg,46.84704,248,2
a4f7638ef2c7,images/a4f7638ef2c7.jpg,47.313645,191,2
a4ff3900bed9,images/a4ff3900bed9.jpg,50.433723,264,3
a501df747ba3,images/a501df747ba3.jpg,4.0,249,0
a51e62e66909,images/a51e62e66909.jpg,32.163341,267,1
a525e7cb97fb,images/a525e7cb97fb.jpg,32.163341,267,1
a535ab41c850,images/a535ab41c850.jpg,60.847692,245,3
a53c35dc76ea,images/a53c35dc76ea.jpg,50.795155,255,3
a5496337fc5d,images/a5496337fc5d.jpg,41.142443,205,2
a57994df89be,images/a57994df89be.jpg,49.610923,264,3
a5a0f53dcbb8,images/a5a0f53dcbb8.jpg,4.0,251,0
a5b7fb3607fe,images/a5b7fb3607fe.jpg,48.223504,182,3
a5d5666aac9d,images/a5d5666aac9d.jpg,49.610923,264,3
a5d613984d50,images/a5d613984d50.jpg,61.692695,258,3
a5e543d39e05,images/a5e543d39e05.jpg,53.208938,242,3
a5e5911fc138,images/a5e5911fc138.jpg,32.979939,253,1
a5f66e114cf9,images/a5f66e114cf9.jpg,65.445156,247,3
a5fbd12657e9,images/a5fbd12657e9.jpg,27.245549,271,1
a60eae3f7038,images/a60eae3f7038.jpg,39.83864,104,2
a61a9e3f5bd4,images/a61a9e3f5bd4.jpg,66.166611,270,3
a61dca1357f3,images/a61dca1357f3.jpg,50.795155,255,3
a61e9f7b8a6f,images/a61e9f7b8a6f.jpg,47.895442,233,2
a6211afb954e,images/a6211afb954e.jpg,50.433723,264,3
a629c0a0e442,images/a629c0a0e442.jpg,50.300215,13,3
a63161fc6161,images/a63161fc6161.jpg,47.952342,239,2
a63b88434daa,images/a63b88434daa.jpg,66.827561,254,3
a63e8f03bce3,images/a63e8f03bce3.jpg,48.029351,150,3
a65379069c40,images/a65379069c40.jpg,66.827561,254,3
a65a8b0a8dd3,images/a65a8b0a8dd3.jpg,47.78352,268,2
a65d73ee4ef8,images/a65d73ee4ef8.jpg,33.219347,241,1
a665a40db433,images/a665a40db433.jpg,61.692695,258,3
a677a25f5b49,images/a677a25f5b49.jpg,48.459726,182,3
a67b2709568c,images/a67b2709568c.jpg,50.190646,264,3
a67d95c685ea,images/a67d95c685ea.jpg,4.0,252,0
a67e15195a69,images/a67e15195a69.jpg,47.952342,239,2
a68792276e85,images/a68792276e85.jpg,44.493593,220,2
a68d20ca049d,images/a68d20ca049d.jpg,4.0,228,0
a6ac1bd11c3d,images/a6ac1bd11c3d.jpg,49.349267,261,3
a6ba3a03fcbb,images/a6ba3a03fcbb.jpg,4.0,105,0
a6bc2e6bef7c,images/a6bc2e6bef7c.jpg,4.0,4,0
a6d0e8635c63,images/a6d0e8635c63.jpg,32.979939,253,1
a6da256b27b6,images/a6da256b27b6.jpg,61.692695,258,3
a6f29646b7fb,images/a6f29646b7fb.jpg,50.795155,255,3
a702cbb7f680,images/a702cbb7f680.jpg,50.795155,255,3
a725c2144031,images/a725c2144031.jpg,28.0,106,1
a7290b63dc97,images/a7290b63dc97.jpg,28.0,260,1
a73766983450,images/a73766983450.jpg,48.038821,207,3
a7542cd76c4d,images/a7542cd76c4d.jpg,66.848889,259,3
a755b77f2eeb,images/a755b77f2eeb.jpg,61.692695,258,3
a774783f8af5,images/a774783f8af5.jpg,4.0,161,0
a78277fc5365,images/a78277fc5365.jpg,61.748616,224,3
a78e78a6557e,images/a78e78a6557e.jpg,50.433723,264,3
a7b1473529c7,images/a7b1473529c7.jpg,4.0,269,0
a7b47ffbf3fa,images/a7b47ffbf3fa.jpg,45.900713,220,2
a7b5ebaa6bfe,images/a7b5ebaa6bfe.jpg,49.610923,264,3
a7c15e68f60d,images/a7c15e68f60d.jpg,44.148421,220,2
a7dff62728e0,images/a7dff62728e0.jpg,28.0,260,1
a7e1327479de,images/a7e1327479de.jpg,4.0,121,0
a7eb20b0d840,images/a7eb20b0d840.jpg,47.747842,213,2
a7ec48cf2194,images/a7ec48cf2194.jpg,47.042998,137,2
a80a19b8a980,images/a80a19b8a980.jpg,27.246714,232,1
a811701602e8,images/a811701602e8.jpg,4.0,269,0
a81369e90647,images/a81369e90647.jpg,28.0,260,1
a8212bba3ff7,images/a8212bba3ff7.jpg,49.534741,124,3
a821906f182a,images/a821906f182a.jpg,33.219347,241,1
a82262670409,images/a82262670409.jpg,4.0,227,0
a832bc72cf69,images/a832bc72cf69.jpg,48.459726,182,3
a848f9a6c310,images/a848f9a6c310.jpg,48.029351,150,3
a84b4075b204,images/a84b4075b204.jpg,50.795155,255,3
a854ddc91f98,images/a854ddc91f98.jpg,61.692695,258,3
a855d9ecd253,images/a855d9ecd253.jpg,4.0,251,0
a8605c9a739c,images/a8605c9a739c.jpg,4.0,10,0
a86cf8659d1f,images/a86cf8659d1f.jpg,47.793422,248,2
a87c8e189b19,images/a87c8e189b19.jpg,48.029351,150,3
a87e63713388,images/a87e63713388.jpg,4.0,107,0
a87eca6bd698,images/a87eca6bd698.jpg,66.827561,254,3
a87ecab757ac,images/a87ecab757ac.jpg,61.692695,258,3
a895b0c2cef2,images/a895b0c2cef2.jpg,47.78352,268,2
a8c52979c088,images/a8c52979c088.jpg,49.610923,264,3
a8d21bd3b600,images/a8d21bd3b600.jpg,49.610923,264,3
a8e0df686f70,images/a8e0df686f70.jpg,27.245549,271,1
a8f54fd2ab5c,images/a8f54fd2ab5c.jpg,4.0,249,0
a9086446f1f3,images/a9086446f1f3.jpg,50.795155,255,3
a9092d63e4c4,images/a9092d63e4c4.jpg,47.756154,257,2
a90c45c9091d,images/a90c45c9091d.jpg,66.177195,270,3
a925f0bae1aa,images/a925f0bae1aa.jpg,61.10032,108,3
a92d319236b5,images/a92d319236b5.jpg,48.029351,150,3
a93e517de673,images/a93e517de673.jpg,4.0,189,0
a94f06a6597d,images/a94f06a6597d.jpg,31.386566,267,1
a96165794808,images/a96165794808.jpg,44.703479,109,2
a96b2a5cd08f,images/a96b2a5cd08f.jpg,50.433723,264,3
a987fa697ba8,images/a987fa697ba8.jpg,4.0,251,0
a993df041d56,images/a993df041d56.jpg,48.844348,111,3
a996a8d6c316,images/a996a8d6c316.jpg,45.401358,148,2
a9c10e8b79ea,images/a9c10e8b79ea.jpg,4.0,10,0
a9d40c129bc1,images/a9d40c129bc1.jpg,32.163341,267,1
aa129f3f72cc,images/aa129f3f72cc.jpg,48.029351,150,3
aa4775a31f7d,images/aa4775a31f7d.jpg,4.0,10,0
aa6c832c3d34,images/aa6c832c3d34.jpg,61.114882,182,3
aaa51ee42fe6,images/aaa51ee42fe6.jpg,47.756154,257,2
aaacd3f3276e,images/aaacd3f3276e.jpg,50.433723,264,3
aaaee4c20e3f,images/aaaee4c20e3f.jpg,4.0,194,0
aab7518c5dc1,images/aab7518c5dc1.jpg,32.163341,267,1
aac2eff5d88a,images/aac2eff5d88a.jpg,50.795155,255,3
aac75e3052a1,images/aac75e3052a1.jpg,47.78352,268,2
aad8d9514d5e,images/aad8d9514d5e.jpg,48.194579,230,3
aada7eb25c98,images/aada7eb25c98.jpg,0.0,83,0
aae80d2399b9,images/aae80d2399b9.jpg,46.969129,137,2
aae96e3fda4d,images/aae96e3fda4d.jpg,65.445156,247,3
aaf0863c20f2,images/aaf0863c20f2.jpg,66.827561,254,3
ab09fde443cf,images/ab09fde443cf.jpg,47.756154,257,2
ab0d0e288b44,images/ab0d0e288b44.jpg,61.692695,258,3
ab1483744197,images/ab1483744197.jpg,40.61949,10,2
ab3993739c93,images/ab3993739c93.jpg,61.692695,258,3
ab4b24330559,images/ab4b24330559.jpg,59.014794,203,3
ab4f6e906072,images/ab4f6e906072.jpg,61.777617,244,3
ab5adc878fa1,images/ab5adc878fa1.jpg,47.642216,202,2
ab774971ddb8,images/ab774971ddb8.jpg,0.0,83,0
ab7d7afd84b0,images/ab7d7afd84b0.jpg,47.895442,233,2
ab8a663c3fbc,images/ab8a663c3fbc.jpg,61.692695,258,3
ab99cd810f49,images/ab99cd810f49.jpg,41.075223,205,2
ab9b7aec7f3f,images/ab9b7aec7f3f.jpg,47.823675,172,2
aba03d982a5e,images/aba03d982a5e.jpg,48.49544,132,3
aba49a319b2e,images/aba49a319b2e.jpg,53.210447,242,3
abb16de3bf11,images/abb16de3bf11.jpg,60.847692,245,3
abb62276e7c3,images/abb62276e7c3.jpg,47.823675,172,2
abdad5135bf0,images/abdad5135bf0.jpg,50.795155,255,3
abeec74b33db,images/abeec74b33db.jpg,46.006276,265,2
abf7e0912776,images/abf7e0912776.jpg,61.612268,236,3
abf980d926ee,images/abf980d926ee.jpg,4.0,198,0
abfa98a907bd,images/abfa98a907bd.jpg,41.075223,205,2
ac09869c6091,images/ac09869c6091.jpg,65.445156,247,3
ac282f573282,images/ac282f573282.jpg,4.0,228,0
ac4b06ec02f5,images/ac4b06ec02f5.jpg,27.245549,271,1
ac51e25582cd,images/ac51e25582cd.jpg,60.847692,245,3
ac521f687e5e,images/ac521f687e5e.jpg,4.0,210,0
ac53207cea5c,images/ac53207cea5c.jpg,27.244136,110,1
ac54449ede5d,images/ac54449ede5d.jpg,4.0,269,0
ac5ae617571d,images/ac5ae617571d.jpg,32.979939,253,1
ac68abd50710,images/ac68abd50710.jpg,59.014794,203,3
ac6a5109af1e,images/ac6a5109af1e.jpg,61.679352,241,3
ac6a6f514671,images/ac6a6f514671.jpg,41.09006,205,2
ac748992b200,images/ac748992b200.jpg,66.177195,270,3
ac7f3c9963da,images/ac7f3c9963da.jpg,61.601185,192,3
acb2f4cdfad8,images/acb2f4cdfad8.jpg,47.345483,243,2
acb8526182bd,images/acb8526182bd.jpg,49.125489,111,3
acca239d47b3,images/acca239d47b3.jpg,27.245549,271,1
accfd78c7d21,images/accfd78c7d21.jpg,61.692695,258,3
ad00a0e2cc90,images/ad00a0e2cc90.jpg,50.433723,264,3
ad165162101d,images/ad165162101d.jpg,33.569643,182,1
ad3f62c3810c,images/ad3f62c3810c.jpg,61.533161,254,3
ad4018c8f902,images/ad4018c8f902.jpg,61.692695,258,3
ad490ce536df,images/ad490ce536df.jpg,0.0,83,0
ad5b2ea6ee6e,images/ad5b2ea6ee6e.jpg,31.404094,267,1
ad61bcc1d778,images/ad61bcc1d778.jpg,61.777617,244,3
ad6b64095ecf,images/ad6b64095ecf.jpg,61.533161,254,3
ad8380d02a40,images/ad8380d02a40.jpg,4.0,269,0
ad89955cd9e4,images/ad89955cd9e4.jpg,28.0,10,1
adb5b3fe7aed,images/adb5b3fe7aed.jpg,61.601185,192,3
adb726e64c7d,images/adb726e64c7d.jpg,66.827561,254,3
adc39da0af60,images/adc39da0af60.jpg,47.184219,243,2
adc9e355d81e,images/adc9e355d81e.jpg,61.679352,241,3
adcca8f69014,images/adcca8f69014.jpg,4.0,10,0
add16c5f882e,images/add16c5f882e.jpg,4.0,112,0
addae6cf65f5,images/addae6cf65f5.jpg,47.78352,268,2
addc1a3370b8,images/addc1a3370b8.jpg,28.0,260,1
ade2049fd142,images/ade2049fd142.jpg,4.0,210,0
adeaf616f57d,images/adeaf616f57d.jpg,40.176372,131,2
adf1f53e0723,images/adf1f53e0723.jpg,61.194654,132,3
adf680430290,images/adf680430290.jpg,47.895442,233,2
ae07ee90a814,images/ae07ee90a814.jpg,46.006276,265,2
ae0b1ee4dc00,images/ae0b1ee4dc00.jpg,50.795155,255,3
ae173e5f56d3,images/ae173e5f56d3.jpg,50.795155,255,3
ae18058d494b,images/ae18058d494b.jpg,59.014794,203,3
ae206698797a,images/ae206698797a.jpg,4.0,156,0
ae34efa285db,images/ae34efa285db.jpg,50.795155,255,3
ae3bcec36cc5,images/ae3bcec36cc5.jpg,4.0,252,0
ae45975e62fe,images/ae45975e62fe.jpg,47.747842,213,2
ae5987ae87a7,images/ae5987ae87a7.jpg,27.246714,232,1
ae641942947a,images/ae641942947a.jpg,4.0,113,0
ae817110ef79,images/ae817110ef79.jpg,49.534741,124,3
ae88317a30e3,images/ae88317a30e3.jpg,61.692695,258,3
ae96fbd80c83,images/ae96fbd80c83.jpg,25.832329,260,1
aebb2d239889,images/aebb2d239889.jpg,58.988917,216,3
aec4dd67ece1,images/aec4dd67ece1.jpg,50.795155,255,3
aed0b799ad5c,images/aed0b799ad5c.jpg,4.0,269,0
aed1b3fa6a82,images/aed1b3fa6a82.jpg,48.459726,182,3
aeffa516ce45,images/aeffa516ce45.jpg,53.208938,242,3
af30ff233f18,images/af30ff233f18.jpg,50.795155,255,3
af421a2a2f82,images/af421a2a2f82.jpg,28.0,10,1
af5fcd71698a,images/af5fcd71698a.jpg,28.0,114,1
af798cfc91d9,images/af798cfc91d9.jpg,41.776567,262,2
af7cfdb1b0ce,images/af7cfdb1b0ce.jpg,41.776567,262,2
af7e221400e0,images/af7e221400e0.jpg,30.250625,246,1
af90f8cacb53,images/af90f8cacb53.jpg,53.210447,242,3
afa01b2f6aa5,images/afa01b2f6aa5.jpg,32.259903,267,1
afa1ac8abc98,images/afa1ac8abc98.jpg,50.433723,264,3
afb40977fabf,images/afb40977fabf.jpg,48.215759,248,3
afc495610bdf,images/afc495610bdf.jpg,61.631575,190,3
afc75c14d8ff,images/afc75c14d8ff.jpg,66.910987,34,3
afcf34d1e532,images/afcf34d1e532.jpg,53.210447,242,3
afe03bc07720,images/afe03bc07720.jpg,61.692695,258,3
aff7bdae481b,images/aff7bdae481b.jpg,46.353476,250,2
affb61d7624f,images/affb61d7624f.jpg,66.827561,254,3
afffec132a2b,images/afffec132a2b.jpg,41.776567,262,2
b017f42fe6ce,images/b017f42fe6ce.jpg,61.245509,132,3
b019bf7273f4,images/b019bf7273f4.jpg,53.570275,259,3
b01b0226206f,images/b01b0226206f.jpg,40.935009,144,2
b020a70dec43,images/b020a70dec43.jpg,47.747842,213,2
b02884865ccf,images/b02884865ccf.jpg,27.245549,271,1
b033172a0622,images/b033172a0622.jpg,50.795155,255,3
b0395d3dfe81,images/b0395d3dfe81.jpg,28.0,260,1
b03f972a46f2,images/b03f972a46f2.jpg,4.0,269,0
b0436df24acd,images/b0436df24acd.jpg,61.147745,132,3
b04a04dd559d,images/b04a04dd559d.jpg,27.245549,271,1
b04edacdba6c,images/b04edacdba6c.jpg,32.163341,267,1
b067eff8980b,images/b067eff8980b.jpg,50.795155,255,3
b07f96d0122b,images/b07f96d0122b.jpg,48.086044,154,3
b092cfb8ab19,images/b092cfb8ab19.jpg,32.163341,267,1
b09828ce8128,images/b09828ce8128.jpg,66.910987,34,3
b0988cf1fb72,images/b0988cf1fb72.jpg,4.0,251,0
b0a3b76cb263,images/b0a3b76cb263.jpg,50.433723,264,3
b0a836f89e25,images/b0a836f89e25.jpg,47.283467,243,2
b0a9553378db,images/b0a9553378db.jpg,47.895442,233,2
b0b326cc07fd,images/b0b326cc07fd.jpg,47.788986,235,2
b0b96ca2f333,images/b0b96ca2f333.jpg,4.0,251,0
b0bfad92b9c2,images/b0bfad92b9c2.jpg,61.748616,224,3
b0bfe7105641,images/b0bfe7105641.jpg,61.125289,132,3
b0d0a17657af,images/b0d0a17657af.jpg,61.777617,244,3
b0df658e95d8,images/b0df658e95d8.jpg,49.349267,261,3
b0fb8cd2e435,images/b0fb8cd2e435.jpg,60.559468,115,3
b101dd3eeda8,images/b101dd3eeda8.jpg,47.895442,233,2
b10565a25072,images/b10565a25072.jpg,4.0,116,0
b1111faa0126,images/b1111faa0126.jpg,61.612268,236,3
b122f74d0bc2,images/b122f74d0bc2.jpg,62.296376,268,3
b13ed4d3b8f2,images/b13ed4d3b8f2.jpg,4.0,10,0
b13fe619cebe,images/b13fe619cebe.jpg,50.795155,255,3
b149a4270092,images/b149a4270092.jpg,48.613193,147,3
b1619514cf8e,images/b1619514cf8e.jpg,47.895442,233,2
b18b428310cd,images/b18b428310cd.jpg,61.692695,258,3
b1b75f0643fe,images/b1b75f0643fe.jpg,61.304014,132,3
b1b874889322,images/b1b874889322.jpg,4.0,210,0
b1bb66501572,images/b1bb66501572.jpg,32.163341,267,1
b1bda99fbdd5,images/b1bda99fbdd5.jpg,50.433723,264,3
b1dc580604c6,images/b1dc580604c6.jpg,47.889289,126,2
b1e987b00658,images/b1e987b00658.jpg,35.191831,149,2
b1ef79ac49f5,images/b1ef79ac49f5.jpg,50.795155,255,3
b1f451e9ecb1,images/b1f451e9ecb1.jpg,47.345483,243,2
b1f7adb6efcd,images/b1f7adb6efcd.jpg,33.219347,241,1
b206680a1b85,images/b206680a1b85.jpg,48.010988,207,3
b2074e54c604,images/b2074e54c604.jpg,47.152453,10,2
b20b141eeee5,images/b20b141eeee5.jpg,47.895442,233,2
b22830aad255,images/b22830aad255.jpg,65.445156,247,3
b2335e0e766a,images/b2335e0e766a.jpg,66.827561,254,3
b23d0ec4ceb4,images/b23d0ec4ceb4.jpg,46.006276,265,2
b23f4218cf00,images/b23f4218cf00.jpg,47.91948,266,2
b243c69dee11,images/b243c69dee11.jpg,60.262943,181,3
b27a3d26a372,images/b27a3d26a372.jpg,4.0,215,0
b29709196dca,images/b29709196dca.jpg,52.592831,248,3
b2b5cd8482d5,images/b2b5cd8482d5.jpg,27.245549,271,1
b2c841f76703,images/b2c841f76703.jpg,28.0,260,1
b2daf70ada12,images/b2daf70ada12.jpg,4.0,10,0
b2e592b304d8,images/b2e592b304d8.jpg,27.245549,271,1
b2ee9dbb3633,images/b2ee9dbb3633.jpg,47.895442,233,2
b2f556559e45,images/b2f556559e45.jpg,32.163341,267,1
b31b12d48caf,images/b31b12d48caf.jpg,47.642216,202,2
b320aa1721f6,images/b320aa1721f6.jpg,47.895442,233,2
b32992edea0f,images/b32992edea0f.jpg,53.210447,242,3
b32ccfd1cd10,images/b32ccfd1cd10.jpg,65.445156,247,3
b33b8866b519,images/b33b8866b519.jpg,61.692695,258,3
b34d25fff1e9,images/b34d25fff1e9.jpg,47.747842,213,2
b3604902001a,images/b3604902001a.jpg,47.196622,191,2
b3682265f1f4,images/b3682265f1f4.jpg,47.867833,163,2
b37a26ea502a,images/b37a26ea502a.jpg,47.366875,266,2
b391308b9bed,images/b391308b9bed.jpg,59.88506,181,3
b392e6ef054c,images/b392e6ef054c.jpg,4.0,210,0
b395adf069e4,images/b395adf069e4.jpg,44.22344,155,2
b3ad21931dfc,images/b3ad21931dfc.jpg,4.0,252,0
b3ae6e1367f5,images/b3ae6e1367f5.jpg,50.795155,255,3
b3af01ab81dc,images/b3af01ab81dc.jpg,25.7206,260,1
b3c297b7bfbc,images/b3c297b7bfbc.jpg,4.0,252,0
b3c59c8378df,images/b3c59c8378df.jpg,52.949495,254,3
b3d6d2357178,images/b3d6d2357178.jpg,28.0,260,1
b3e570dd46a9,images/b3e570dd46a9.jpg,4.0,210,0
b3eb4263310d,images/b3eb4263310d.jpg,47.913407,182,2
b3fdd68e5e41,images/b3fdd68e5e41.jpg,65.445156,247,3
b4263a7bf708,images/b4263a7bf708.jpg,47.747842,213,2
b441e5acbc09,images/b441e5acbc09.jpg,27.245549,271,1
b45a66253e41,images/b45a66253e41.jpg,48.459726,182,3
b47f1c31a8e2,images/b47f1c31a8e2.jpg,4.0,210,0
b4870f01108a,images/b4870f01108a.jpg,46.968348,243,2
b4af52c90faa,images/b4af52c90faa.jpg,53.108162,261,3
b4afa02baa25,images/b4afa02baa25.jpg,4.0,10,0
b4b67591cdac,images/b4b67591cdac.jpg,4.0,228,0
b4b7cbfa902e,images/b4b7cbfa902e.jpg,48.029351,150,3
b4b9c3098bdc,images/b4b9c3098bdc.jpg,66.827561,254,3
b4bb8eac1055,images/b4bb8eac1055.jpg,46.743843,248,2
b4d9ec0f37a4,images/b4d9ec0f37a4.jpg,47.91948,266,2
b4e5db6647bf,images/b4e5db6647bf.jpg,58.988917,216,3
b4f2f2337c09,images/b4f2f2337c09.jpg,32.163341,267,1
b4f63bcd379f,images/b4f63bcd379f.jpg,4.0,189,0
b4fc087309a4,images/b4fc087309a4.jpg,32.163341,267,1
b50151977cc5,images/b50151977cc5.jpg,31.386566,267,1
b51172283dfd,images/b51172283dfd.jpg,50.795155,255,3
b5121bc06ef9,images/b5121bc06ef9.jpg,28.0,260,1
b5156fc62e06,images/b5156fc62e06.jpg,50.300215,13,3
b5212e3b6a07,images/b5212e3b6a07.jpg,53.843117,182,3
b53a07c74252,images/b53a07c74252.jpg,32.163341,267,1
b53e4bbe0430,images/b53e4bbe0430.jpg,27.246714,232,1
b55072a894f4,images/b55072a894f4.jpg,47.757234,137,2
b55176fa042e,images/b55176fa042e.jpg,27.245549,271,1
b55dc432db18,images/b55dc432db18.jpg,50.795155,255,3
b5605c60ec21,images/b5605c60ec21.jpg,4.0,251,0
b578e1785048,images/b578e1785048.jpg,49.610923,264,3
b589b2a739cb,images/b589b2a739cb.jpg,0.0,117,0
b597b497a040,images/b597b497a040.jpg,32.979939,253,1
b59ee1f3e38a,images/b59ee1f3e38a.jpg,4.0,130,0
b5ad6af4931e,images/b5ad6af4931e.jpg,32.979939,253,1
b5b15befce9d,images/b5b15befce9d.jpg,53.208938,242,3
b5b171c5d89f,images/b5b171c5d89f.jpg,4.0,249,0
b5b4ebc67aea,images/b5b4ebc67aea.jpg,0.0,1,0
b5b753b8d8a0,images/b5b753b8d8a0.jpg,4.0,209,0
b5f241dcb171,images/b5f241dcb171.jpg,4.0,10,0
b620de03b506,images/b620de03b506.jpg,46.006276,265,2
b62f6fcc1717,images/b62f6fcc1717.jpg,4.0,228,0
b63e2131c923,images/b63e2131c923.jpg,48.029351,150,3
b64af4279c64,images/b64af4279c64.jpg,48.459726,182,3
b66d9fa51ecf,images/b66d9fa51ecf.jpg,50.795155,255,3
b670f18730bd,images/b670f18730bd.jpg,50.433723,264,3
b68cbde5ee89,images/b68cbde5ee89.jpg,4.0,218,0
b6963d7fdb2d,images/b6963d7fdb2d.jpg,46.032009,256,2
b6ae576d6066,images/b6ae576d6066.jpg,50.708333,10,3
b6afa883ca41,images/b6afa883ca41.jpg,50.795155,255,3
b6bc42867d76,images/b6bc42867d76.jpg,33.219347,241,1
b6c458891a90,images/b6c458891a90.jpg,4.0,269,0
b6c6ba8c5c07,images/b6c6ba8c5c07.jpg,0.0,118,0
b6d7b66bc642,images/b6d7b66bc642.jpg,4.0,234,0
b6d8f2b0f349,images/b6d8f2b0f349.jpg,46.969129,137,2
b6dcae96890c,images/b6dcae96890c.jpg,46.006537,127,2
b6e21cfe7ef3,images/b6e21cfe7ef3.jpg,31.386566,267,1
b6e3f02102e9,images/b6e3f02102e9.jpg,34.190379,177,1
b6ea6b41ef3d,images/b6ea6b41ef3d.jpg,32.163341,267,1
b6fb99f51e0c,images/b6fb99f51e0c.jpg,61.692695,258,3
b727eaf837a6,images/b727eaf837a6.jpg,18.657812,149,1
b732c2551532,images/b732c2551532.jpg,4.0,189,0
b73815a3d81f,images/b73815a3d81f.jpg,47.889289,126,2
b739bbdec715,images/b739bbdec715.jpg,50.433723,264,3
b743d164c630,images/b743d164c630.jpg,61.108222,132,3
b7589d6383a0,images/b7589d6383a0.jpg,4.0,234,0
b7607d8fbe97,images/b7607d8fbe97.jpg,47.772354,170,2
b768b6fc6a02,images/b768b6fc6a02.jpg,49.647034,119,3
b781e5f0c7e0,images/b781e5f0c7e0.jpg,4.0,152,0
b7904cd49f0a,images/b7904cd49f0a.jpg,52.949495,254,3
b790d4740873,images/b790d4740873.jpg,4.0,249,0
b7963d086629,images/b7963d086629.jpg,50.795155,255,3
b7988f5b10c1,images/b7988f5b10c1.jpg,4.0,249,0
b7c35d76073c,images/b7c35d76073c.jpg,4.0,10,0
b7d1c09ef4b1,images/b7d1c09ef4b1.jpg,4.0,227,0
b7d4b1c06d2c,images/b7d4b1c06d2c.jpg,47.78352,268,2
b7ebcecada14,images/b7ebcecada14.jpg,0.0,120,0
b7f683fb8b9f,images/b7f683fb8b9f.jpg,46.395266,265,2
b80a4b7f7202,images/b80a4b7f7202.jpg,32.308378,267,1
b8105f810936,images/b8105f810936.jpg,42.077632,13,2
b81cc4fcc962,images/b81cc4fcc962.jpg,50.433723,264,3
b82aa02ae698,images/b82aa02ae698.jpg,4.0,10,0
b853cde72675,images/b853cde72675.jpg,32.163341,267,1
b854de529be8,images/b854de529be8.jpg,30.250625,246,1
b865ffcd9ae8,images/b865ffcd9ae8.jpg,41.075223,205,2
b87b8c74def5,images/b87b8c74def5.jpg,56.440609,101,3
b882303fd502,images/b882303fd502.jpg,61.601185,192,3
b8a9ef5bc3d5,images/b8a9ef5bc3d5.jpg,47.756154,257,2
b8abdd8fa8f1,images/b8abdd8fa8f1.jpg,48.5627,268,3
b8c0e0aeb525,images/b8c0e0aeb525.jpg,40.322556,134,2
b8c2fb6ecf53,images/b8c2fb6ecf53.jpg,4.0,10,0
b8c5f00eb9c7,images/b8c5f00eb9c7.jpg,4.0,171,0
b8ccba65f3b2,images/b8ccba65f3b2.jpg,47.124935,248,2
b8ccf2cac8b8,images/b8ccf2cac8b8.jpg,4.0,121,0
b8d750f6f217,images/b8d750f6f217.jpg,66.910987,34,3
b8ec781a814c,images/b8ec781a814c.jpg,27.246714,232,1
b8f85417fa61,images/b8f85417fa61.jpg,65.445156,247,3
b9041d5382ca,images/b9041d5382ca.jpg,47.01214,248,2
b9116eac545e,images/b9116eac545e.jpg,65.445156,247,3
b9348f8a7883,images/b9348f8a7883.jpg,4.0,10,0
b95a2c16c390,images/b95a2c16c390.jpg,41.776567,262,2
b961da0ba310,images/b961da0ba310.jpg,53.210447,242,3
b963c78a35cc,images/b963c78a35cc.jpg,4.0,10,0
b96bb2b514b0,images/b96bb2b514b0.jpg,50.795155,255,3
b97097a8e556,images/b97097a8e556.jpg,0.0,83,0
b974d7502f69,images/b974d7502f69.jpg,26.109484,260,1
b97c95b63e79,images/b97c95b63e79.jpg,41.776567,262,2
b97ca5ecf3a5,images/b97ca5ecf3a5.jpg,66.827561,254,3
b9881fd967df,images/b9881fd967df.jpg,47.366875,266,2
b98fa1a837c8,images/b98fa1a837c8.jpg,50.795155,255,3
b9a3c1ccaf68,images/b9a3c1ccaf68.jpg,59.014794,203,3
b9ac924c8d5b,images/b9ac924c8d5b.jpg,48.506613,182,3
b9bc4609919e,images/b9bc4609919e.jpg,32.979939,253,1
b9c8fed89521,images/b9c8fed89521.jpg,4.0,122,0
b9d4305a42d5,images/b9d4305a42d5.jpg,46.006276,265,2
b9ddda10a702,images/b9ddda10a702.jpg,50.795155,255,3
b9df22eed866,images/b9df22eed866.jpg,50.795155,255,3
b9dfcfc845d7,images/b9dfcfc845d7.jpg,46.091598,250,2
b9ec581971f6,images/b9ec581971f6.jpg,46.091598,250,2
b9fda34fea43,images/b9fda34fea43.jpg,28.0,260,1
ba0100511660,images/ba0100511660.jpg,0.0,123,0
ba08c663f750,images/ba08c663f750.jpg,4.0,249,0
ba212d174d4a,images/ba212d174d4a.jpg,27.245549,271,1
ba280a4e219b,images/ba280a4e219b.jpg,60.810631,169,3
ba3baa059aaa,images/ba3baa059aaa.jpg,28.0,10,1
ba618829f4a0,images/ba618829f4a0.jpg,30.250625,246,1
babddce354ff,images/babddce354ff.jpg,50.433723,264,3
bad19ae010f0,images/bad19ae010f0.jpg,48.133078,10,3
bae25c67dca7,images/bae25c67dca7.jpg,27.245549,271,1
baee9071f35c,images/baee9071f35c.jpg,53.208938,242,3
baf5d51a1813,images/baf5d51a1813.jpg,48.050318,229,3
baf71ee36042,images/baf71ee36042.jpg,26.313871,62,1
baf8a75241f6,images/baf8a75241f6.jpg,0.0,118,0
bb0850cf06a3,images/bb0850cf06a3.jpg,59.404444,124,3
bb0c19ac1a67,images/bb0c19ac1a67.jpg,22.761808,10,1
bb10ee16c467,images/bb10ee16c467.jpg,27.245549,271,1
bb1c4c4d2388,images/bb1c4c4d2388.jpg,46.114278,137,2
bb20aecac208,images/bb20aecac208.jpg,33.569643,182,1
bb4959d04e6e,images/bb4959d04e6e.jpg,4.0,209,0
bb4d65e35e41,images/bb4d65e35e41.jpg,0.0,118,0
bb5710c53d7b,images/bb5710c53d7b.jpg,4.0,269,0
bb5e54858d56,images/bb5e54858d56.jpg,61.052132,182,3
bb678f0771a2,images/bb678f0771a2.jpg,4.0,10,0
bb7a41720e75,images/bb7a41720e75.jpg,65.445156,247,3
bb8f8470e6d5,images/bb8f8470e6d5.jpg,47.901863,191,2
bb96708bb135,images/bb96708bb135.jpg,32.163341,267,1
bb9cd84f6c68,images/bb9cd84f6c68.jpg,4.0,135,0
bba7aeab1875,images/bba7aeab1875.jpg,46.889748,248,2
bbb0d2494590,images/bbb0d2494590.jpg,4.0,228,0
bbb46715a71a,images/bbb46715a71a.jpg,50.795155,255,3
bbb582f643ee,images/bbb582f643ee.jpg,50.795155,255,3
bbbc1eef21de,images/bbbc1eef21de.jpg,46.801996,10,2
bbbcb5c4046e,images/bbbcb5c4046e.jpg,31.404094,267,1
bbbd2e9be592,images/bbbd2e9be592.jpg,44.126016,261,2
bbbd92d18079,images/bbbd92d18079.jpg,65.445156,247,3
bbeec9028785,images/bbeec9028785.jpg,56.334329,101,3
bbf10e6967bd,images/bbf10e6967bd.jpg,61.601185,192,3
bbf3bd1b54d0,images/bbf3bd1b54d0.jpg,32.163341,267,1
bbff79e609e6,images/bbff79e609e6.jpg,4.0,251,0
bc000a135055,images/bc000a135055.jpg,27.245549,271,1
bc1098a78c63,images/bc1098a78c63.jpg,47.895442,233,2
bc10c70a2d96,images/bc10c70a2d96.jpg,47.788986,235,2
bc29a5386ce4,images/bc29a5386ce4.jpg,27.245549,271,1
bc3a8ca587e6,images/bc3a8ca587e6.jpg,61.71002,182,3
bc40be1ebd41,images/bc40be1ebd41.jpg,47.124935,248,2
bc48924030a5,images/bc48924030a5.jpg,61.692695,258,3
bc5bb17f6729,images/bc5bb17f6729.jpg,4.0,173,0
bc83068c070d,images/bc83068c070d.jpg,46.006276,265,2
bca4668a13fd,images/bca4668a13fd.jpg,53.843117,182,3
bca947c5f749,images/bca947c5f749.jpg,66.148636,270,3
bcb3b2120931,images/bcb3b2120931.jpg,48.613193,147,3
bcbbf880747a,images/bcbbf880747a.jpg,47.895442,233,2
bcc3341fa856,images/bcc3341fa856.jpg,4.0,221,0
bcd5d0e4780a,images/bcd5d0e4780a.jpg,61.692695,258,3
bcef1547873c,images/bcef1547873c.jpg,53.843117,182,3
bcf36984ab40,images/bcf36984ab40.jpg,4.0,125,0
bd049d0ba605,images/bd049d0ba605.jpg,50.795155,255,3
bd08d4669519,images/bd08d4669519.jpg,48.277399,239,3
bd08f25ee5bf,images/bd08f25ee5bf.jpg,4.0,10,0
bd1a4dfb674e,images/bd1a4dfb674e.jpg,45.724566,250,2
bd1b5f892c99,images/bd1b5f892c99.jpg,4.0,218,0
bd3cae378121,images/bd3cae378121.jpg,50.426162,199,3
bd41c00a5a8e,images/bd41c00a5a8e.jpg,61.112769,132,3
bd48fdfea8aa,images/bd48fdfea8aa.jpg,26.109484,260,1
bd6d38aacff8,images/bd6d38aacff8.jpg,32.979939,253,1
bd974c9d0916,images/bd974c9d0916.jpg,50.795155,255,3
bd9af35efdab,images/bd9af35efdab.jpg,32.163341,267,1
bdbd3d9a35de,images/bdbd3d9a35de.jpg,47.948337,202,2
bdc6ec5302c6,images/bdc6ec5302c6.jpg,4.0,16,0
bddcdd6feab3,images/bddcdd6feab3.jpg,61.692695,258,3
be1e474c7020,images/be1e474c7020.jpg,47.901863,191,2
be206661b043,images/be206661b043.jpg,27.246714,232,1
be23ac8b059a,images/be23ac8b059a.jpg,41.776567,262,2
be2852ab9217,images/be2852ab9217.jpg,48.029351,150,3
be53619ea2c9,images/be53619ea2c9.jpg,50.795155,255,3
be57c0823abe,images/be57c0823abe.jpg,46.730583,137,2
be74782d7592,images/be74782d7592.jpg,47.770235,222,2
be87868d8369,images/be87868d8369.jpg,28.0,260,1
beabee878c09,images/beabee878c09.jpg,27.245549,271,1
beb0c2fe8be2,images/beb0c2fe8be2.jpg,66.827561,254,3
beb71f9d4e47,images/beb71f9d4e47.jpg,61.108222,132,3
beb786112f1d,images/beb786112f1d.jpg,61.147745,132,3
beb980d9616b,images/beb980d9616b.jpg,32.163341,267,1
bec8183c20fd,images/bec8183c20fd.jpg,4.0,269,0
bec9c1030818,images/bec9c1030818.jpg,27.245549,271,1
bed9e6b46eb1,images/bed9e6b46eb1.jpg,47.885219,248,2
bedbde8ad51c,images/bedbde8ad51c.jpg,30.250625,246,1
bee4353211d7,images/bee4353211d7.jpg,47.889289,126,2
bee4ff6ef4ea,images/bee4ff6ef4ea.jpg,50.795155,255,3
beeea55d4fe5,images/beeea55d4fe5.jpg,50.795155,255,3
bef9313dcc34,images/bef9313dcc34.jpg,65.445156,247,3
befb113035ff,images/befb113035ff.jpg,29.227017,86,1
bf03f3e2818c,images/bf03f3e2818c.jpg,48.038821,207,3
bf073598b754,images/bf073598b754.jpg,61.692695,258,3
bf0f6b0ada3b,images/bf0f6b0ada3b.jpg,50.795155,255,3
bf36ea4198ea,images/bf36ea4198ea.jpg,4.0,227,0
bf3b63b8e17b,images/bf3b63b8e17b.jpg,41.391489,250,2
bf4ddc3ec078,images/bf4ddc3ec078.jpg,61.692695,258,3
bf5ff4ec2363,images/bf5ff4ec2363.jpg,28.0,149,1
bf6cbf96373a,images/bf6cbf96373a.jpg,28.0,260,1
bf796e365c44,images/bf796e365c44.jpg,4.0,10,0
bf85d2357b11,images/bf85d2357b11.jpg,47.345483,243,2
bf87f88afa6e,images/bf87f88afa6e.jpg,4.0,10,0
bf90586d662f,images/bf90586d662f.jpg,28.0,130,1
bf93c336111d,images/bf93c336111d.jpg,61.692695,258,3
bf94e2f34184,images/bf94e2f34184.jpg,50.795155,255,3
bf9985bfe9d5,images/bf9985bfe9d5.jpg,31.404094,267,1
bf9aabee1881,images/bf9aabee1881.jpg,32.163341,267,1
bfdc338bb7bd,images/bfdc338bb7bd.jpg,4.0,227,0
bfe4b1f3863b,images/bfe4b1f3863b.jpg,45.900713,220,2
bfe897bcd705,images/bfe897bcd705.jpg,27.245549,271,1
bff113c1b882,images/bff113c1b882.jpg,45.320031,256,2
bff856f7251c,images/bff856f7251c.jpg,46.006537,127,2
bffa3138fa46,images/bffa3138fa46.jpg,4.0,189,0
bffb19f83c2b,images/bffb19f83c2b.jpg,35.377225,128,2
bffc054dcc8b,images/bffc054dcc8b.jpg,28.0,204,1
c004e035b475,images/c004e035b475.jpg,50.433723,264,3
c00a381fe7f0,images/c00a381fe7f0.jpg,47.78352,268,2
c0261666e907,images/c0261666e907.jpg,61.692695,258,3
c035314bc6b1,images/c035314bc6b1.jpg,41.776567,262,2
c0363a27980f,images/c0363a27980f.jpg,4.0,10,0
c05caf733101,images/c05caf733101.jpg,48.010988,207,3
c078c9c8c920,images/c078c9c8c920.jpg,50.433723,264,3
c08ae0bd5abd,images/c08ae0bd5abd.jpg,32.979939,253,1
c08c1f323506,images/c08c1f323506.jpg,46.006276,265,2
c090c53a0301,images/c090c53a0301.jpg,49.610923,264,3
c0ac62c1d32d,images/c0ac62c1d32d.jpg,0.0,129,0
c0c5668f1ecc,images/c0c5668f1ecc.jpg,47.895442,233,2
c0c9b96c43c1,images/c0c9b96c43c1.jpg,46.577137,10,2
c0d4881adc71,images/c0d4881adc71.jpg,47.895442,233,2
c0d7b7592e6c,images/c0d7b7592e6c.jpg,49.349267,261,3
c0db5b898779,images/c0db5b898779.jpg,4.0,189,0
c0e17bc3e95f,images/c0e17bc3e95f.jpg,45.789651,13,2
c0e7437406d3,images/c0e7437406d3.jpg,45.153509,220,2
c0ef29b54732,images/c0ef29b54732.jpg,0.0,130,0
c11c95bbcc27,images/c11c95bbcc27.jpg,53.208938,242,3
c12879dae282,images/c12879dae282.jpg,28.0,10,1
c13ab46f9842,images/c13ab46f9842.jpg,48.194579,230,3
c148685f7898,images/c148685f7898.jpg,46.700177,10,2
c148dfe2b61e,images/c148dfe2b61e.jpg,61.692695,258,3
c14b8c2b6324,images/c14b8c2b6324.jpg,4.0,248,0
c167cfa41493,images/c167cfa41493.jpg,60.951546,132,3
c16b25f3a85d,images/c16b25f3a85d.jpg,22.642495,11,1
c191f68a7371,images/c191f68a7371.jpg,31.404094,267,1
c19cc8f3cfdd,images/c19cc8f3cfdd.jpg,33.569643,182,1
c1a14d659ca1,images/c1a14d659ca1.jpg,48.029351,150,3
c1a2d24ac9ed,images/c1a2d24ac9ed.jpg,60.847692,245,3
c1a7315723e1,images/c1a7315723e1.jpg,61.692695,258,3
c1b50f308de4,images/c1b50f308de4.jpg,39.382717,10,2
c1b6ec1e620f,images/c1b6ec1e620f.jpg,41.142443,205,2
c1c96e0522ea,images/c1c96e0522ea.jpg,4.0,16,0
c1cace450ef4,images/c1cace450ef4.jpg,40.176372,131,2
c1def5f9c4a6,images/c1def5f9c4a6.jpg,4.0,210,0
c1dfa0339f1b,images/c1dfa0339f1b.jpg,4.0,251,0
c1e5a5d1333e,images/c1e5a5d1333e.jpg,27.245549,271,1
c1e77384a926,images/c1e77384a926.jpg,47.124935,248,2
c1e8229b4271,images/c1e8229b4271.jpg,47.867833,163,2
c1ed27e7d29a,images/c1ed27e7d29a.jpg,4.0,228,0
c1edb24f6af7,images/c1edb24f6af7.jpg,50.433723,264,3
c1f68be27bac,images/c1f68be27bac.jpg,4.0,251,0
c1f8fbfcf309,images/c1f8fbfcf309.jpg,58.677256,132,3
c207dec407a2,images/c207dec407a2.jpg,4.0,234,0
c2082044ddad,images/c2082044ddad.jpg,34.190379,177,1
c211a4f912cd,images/c211a4f912cd.jpg,47.78352,268,2
c21590ddcf18,images/c21590ddcf18.jpg,53.208938,242,3
c2212db8f179,images/c2212db8f179.jpg,47.952342,239,2
c23a9c13f9d4,images/c23a9c13f9d4.jpg,28.0,260,1
c250dc0d059a,images/c250dc0d059a.jpg,32.163341,267,1
c2524e4416ba,images/c2524e4416ba.jpg,47.895442,233,2
c26b08e0346a,images/c26b08e0346a.jpg,66.166611,270,3
c2791593bfce,images/c2791593bfce.jpg,66.827561,254,3
c27a1a076f5a,images/c27a1a076f5a.jpg,47.78352,268,2
c29120c48639,images/c29120c48639.jpg,61.692695,258,3
c2aaaa4a5bf4,images/c2aaaa4a5bf4.jpg,60.847692,245,3
c2b6b45024d3,images/c2b6b45024d3.jpg,4.0,269,0
c2b9aa02a247,images/c2b9aa02a247.jpg,46.743843,248,2
c2c0e5d56350,images/c2c0e5d56350.jpg,48.223504,182,3
c2d0f7a9a5e8,images/c2d0f7a9a5e8.jpg,4.0,10,0
c2e4ca90fac2,images/c2e4ca90fac2.jpg,50.190646,264,3
c2e81ad68df5,images/c2e81ad68df5.jpg,32.163341,267,1
c2f345524b0c,images/c2f345524b0c.jpg,31.404094,267,1
c3218a4e1a68,images/c3218a4e1a68.jpg,66.91325,34,3
c324552f0e4a,images/c324552f0e4a.jpg,27.245549,271,1
c33c40dbdab9,images/c33c40dbdab9.jpg,4.0,252,0
c342d05d459b,images/c342d05d459b.jpg,4.0,130,0
c3434df11ad6,images/c3434df11ad6.jpg,47.78352,268,2
c345fdbd090c,images/c345fdbd090c.jpg,50.433723,264,3
c36263210441,images/c36263210441.jpg,53.198781,242,3
c373c95e1df6,images/c373c95e1df6.jpg,50.142773,188,3
c38f4f94d372,images/c38f4f94d372.jpg,34.190379,177,1
c39ee8d53c0f,images/c39ee8d53c0f.jpg,50.433723,264,3
c3b4c26ef29a,images/c3b4c26ef29a.jpg,4.0,269,0
c3ba1dbea2d6,images/c3ba1dbea2d6.jpg,24.970488,10,1
c3c72d5c0285,images/c3c72d5c0285.jpg,4.0,130,0
c3dda830f10d,images/c3dda830f10d.jpg,4.0,269,0
c3e4135cbe96,images/c3e4135cbe96.jpg,30.250625,246,1
c3e5c54a085d,images/c3e5c54a085d.jpg,48.115169,144,3
c3ea074317d9,images/c3ea074317d9.jpg,4.0,10,0
c3fd145612f3,images/c3fd145612f3.jpg,32.163341,267,1
c411b54fb948,images/c411b54fb948.jpg,50.795155,255,3
c41a26438f26,images/c41a26438f26.jpg,46.831041,137,2
c421db8685df,images/c421db8685df.jpg,61.692695,258,3
c42a17780a18,images/c42a17780a18.jpg,4.0,248,0
c43e68ed6ab0,images/c43e68ed6ab0.jpg,47.823675,172,2
c43fcf4c1980,images/c43fcf4c1980.jpg,52.927974,248,3
c446e6831b70,images/c446e6831b70.jpg,30.250625,246,1
c44a8e577b7d,images/c44a8e577b7d.jpg,44.493593,220,2
c4567bf6df69,images/c4567bf6df69.jpg,4.0,210,0
c4626043fb0c,images/c4626043fb0c.jpg,54.104641,261,3
c46ec99f63c4,images/c46ec99f63c4.jpg,50.560926,182,3
c47905f3fb61,images/c47905f3fb61.jpg,41.18815,219,2
c47ce8b7a70d,images/c47ce8b7a70d.jpg,49.397464,133,3
c48363f60654,images/c48363f60654.jpg,23.451437,237,1
c483b69f220a,images/c483b69f220a.jpg,44.982876,160,2
c48e5c33ed11,images/c48e5c33ed11.jpg,61.692695,258,3
c4910d108951,images/c4910d108951.jpg,27.246714,232,1
c4a6642dc9c7,images/c4a6642dc9c7.jpg,50.433723,264,3
c4bc6409d78f,images/c4bc6409d78f.jpg,44.148421,220,2
c4c30249965b,images/c4c30249965b.jpg,46.354813,220,2
c4c5b1af41e3,images/c4c5b1af41e3.jpg,50.433723,264,3
c4c835f5ac7d,images/c4c835f5ac7d.jpg,39.13982,10,2
c4cd4d579243,images/c4cd4d579243.jpg,50.795155,255,3
c4e4ae526f13,images/c4e4ae526f13.jpg,61.599305,132,3
c502b502227e,images/c502b502227e.jpg,27.245549,271,1
c511a50f18fe,images/c511a50f18fe.jpg,41.776567,262,2
c522d9acbfb6,images/c522d9acbfb6.jpg,43.072904,134,2
c52fb5069fb1,images/c52fb5069fb1.jpg,4.0,252,0
c53c783f7c1d,images/c53c783f7c1d.jpg,44.169084,10,2
c54c0ddb4ce7,images/c54c0ddb4ce7.jpg,61.304014,132,3
c55e3bca52bc,images/c55e3bca52bc.jpg,48.41024,13,3
c55f423f2644,images/c55f423f2644.jpg,48.029351,150,3
c561515e1ae8,images/c561515e1ae8.jpg,31.404094,267,1
c57e3250e9d1,images/c57e3250e9d1.jpg,46.032009,256,2
c5840a6f1e75,images/c5840a6f1e75.jpg,4.0,234,0
c5a557a0844c,images/c5a557a0844c.jpg,48.434449,229,3
c5a7e924848f,images/c5a7e924848f.jpg,4.0,209,0
c5bc9797cccf,images/c5bc9797cccf.jpg,50.433723,264,3
c5e59b80957a,images/c5e59b80957a.jpg,61.692695,258,3
c5ec69ddf47f,images/c5ec69ddf47f.jpg,4.0,189,0
c5f94d7b830d,images/c5f94d7b830d.jpg,27.245549,271,1
c6081621a736,images/c6081621a736.jpg,47.772354,170,2
c60843935cc2,images/c60843935cc2.jpg,41.776567,262,2
c622fb418706,images/c622fb418706.jpg,4.0,135,0
c62490d1cf53,images/c62490d1cf53.jpg,48.050318,229,3
c6277231ca4c,images/c6277231ca4c.jpg,0.0,66,0
c63031ac30c0,images/c63031ac30c0.jpg,32.163341,267,1
c6309cb26657,images/c6309cb26657.jpg,44.126016,261,2
c63b6b735d69,images/c63b6b735d69.jpg,47.78352,268,2
c64c51eb0d92,images/c64c51eb0d92.jpg,47.634049,137,2
c64eccd76323,images/c64eccd76323.jpg,41.776567,262,2
c6518d211157,images/c6518d211157.jpg,0.0,83,0
c656dc5b67ed,images/c656dc5b67ed.jpg,45.596652,137,2
c65865b3c0a5,images/c65865b3c0a5.jpg,47.772354,170,2
c661bd394239,images/c661bd394239.jpg,48.029351,150,3
c67566c0c8d0,images/c67566c0c8d0.jpg,4.0,234,0
c684d6fecf11,images/c684d6fecf11.jpg,0.0,136,0
c6fef8c65495,images/c6fef8c65495.jpg,4.0,269,0
c6ff8a14d9b7,images/c6ff8a14d9b7.jpg,65.445156,247,3
c7063a449e96,images/c7063a449e96.jpg,50.795155,255,3
c706b5f98ea6,images/c706b5f98ea6.jpg,49.610923,264,3
c7070ccb68f6,images/c7070ccb68f6.jpg,50.433723,264,3
c71e4b5be806,images/c71e4b5be806.jpg,4.0,210,0
c71ea2b6afca,images/c71ea2b6afca.jpg,47.952342,239,2
c737bdb80fbc,images/c737bdb80fbc.jpg,4.0,252,0
c74a7262db8d,images/c74a7262db8d.jpg,48.115169,144,3
c752964c25db,images/c752964c25db.jpg,47.793422,248,2
c75ea304a3fd,images/c75ea304a3fd.jpg,4.0,137,0
c76936f914d4,images/c76936f914d4.jpg,4.0,138,0
c781cd3be6a6,images/c781cd3be6a6.jpg,53.345854,259,3
c788d9f70e1f,images/c788d9f70e1f.jpg,4.0,139,0
c7919a2a53a7,images/c7919a2a53a7.jpg,25.832329,260,1
c79e4eaa7e28,images/c79e4eaa7e28.jpg,47.885219,248,2
c79ecb0acf02,images/c79ecb0acf02.jpg,60.847692,245,3
c7b57b4ea2e3,images/c7b57b4ea2e3.jpg,39.872454,140,2
c7ce385a64e6,images/c7ce385a64e6.jpg,47.823675,172,2
c7db0a4a1711,images/c7db0a4a1711.jpg,44.982876,160,2
c7e8bb6fb47b,images/c7e8bb6fb47b.jpg,4.0,141,0
c7ece8c6e335,images/c7ece8c6e335.jpg,33.219347,241,1
c80e18f1c462,images/c80e18f1c462.jpg,61.692695,258,3
c824f9e5cf63,images/c824f9e5cf63.jpg,28.0,260,1
c82be3fe4b3c,images/c82be3fe4b3c.jpg,45.401358,148,2
c86260cfb133,images/c86260cfb133.jpg,50.433723,264,3
c865de1467f0,images/c865de1467f0.jpg,66.16535,270,3
c887cd7fc0e1,images/c887cd7fc0e1.jpg,65.445156,247,3
c89c3a5ffe17,images/c89c3a5ffe17.jpg,65.445156,247,3
c8bb0ef02b92,images/c8bb0ef02b92.jpg,0.0,130,0
c8bc3e289995,images/c8bc3e289995.jpg,60.847692,245,3
c8c7fbb5a3c9,images/c8c7fbb5a3c9.jpg,49.388707,142,3
c8e288c1406c,images/c8e288c1406c.jpg,4.0,143,0
c8e65ba69bd8,images/c8e65ba69bd8.jpg,44.126016,261,2
c8fc5732c0a5,images/c8fc5732c0a5.jpg,34.190379,177,1
c90dbebd85a3,images/c90dbebd85a3.jpg,48.610049,132,3
c93509591b29,images/c93509591b29.jpg,44.126016,261,2
c93a9dc9a500,images/c93a9dc9a500.jpg,48.115169,144,3
c94de338f58a,images/c94de338f58a.jpg,4.0,227,0
c956d718bbfb,images/c956d718bbfb.jpg,47.895442,233,2
c968c9967794,images/c968c9967794.jpg,4.0,145,0
c96d86b9b966,images/c96d86b9b966.jpg,4.0,238,0
c983e5e63e2a,images/c983e5e63e2a.jpg,50.795155,255,3
c9a48e2ed043,images/c9a48e2ed043.jpg,4.0,251,0
c9aba7d63ea8,images/c9aba7d63ea8.jpg,27.245549,271,1
c9c2f76e7e61,images/c9c2f76e7e61.jpg,4.0,130,0
c9c818edf463,images/c9c818edf463.jpg,60.214729,146,3
c9e00f343bbc,images/c9e00f343bbc.jpg,47.362978,137,2
c9ff85b5c42a,images/c9ff85b5c42a.jpg,27.245549,271,1
ca02695f8123,images/ca02695f8123.jpg,4.0,252,0
ca04f46b7a4a,images/ca04f46b7a4a.jpg,53.208938,242,3
ca0fd5d7984f,images/ca0fd5d7984f.jpg,61.71002,182,3
ca2473146741,images/ca2473146741.jpg,48.029351,150,3
ca3b56313b16,images/ca3b56313b16.jpg,52.858436,248,3
ca41be87802e,images/ca41be87802e.jpg,4.0,252,0
ca49af1c14ab,images/ca49af1c14ab.jpg,46.006276,265,2
ca4c1fb5ff5e,images/ca4c1fb5ff5e.jpg,47.83786,10,2
ca5165d3b0a3,images/ca5165d3b0a3.jpg,46.091598,250,2
caad51a7338d,images/caad51a7338d.jpg,4.0,10,0
cab6ec9b6ac5,images/cab6ec9b6ac5.jpg,4.0,10,0
cad84696f372,images/cad84696f372.jpg,4.0,251,0
cae9881a4c79,images/cae9881a4c79.jpg,48.029351,150,3
caf2a48f1623,images/caf2a48f1623.jpg,61.692695,258,3
cb0f4e517ca7,images/cb0f4e517ca7.jpg,4.0,238,0
cb1681efcd25,images/cb1681efcd25.jpg,4.0,227,0
cb235d90ce61,images/cb235d90ce61.jpg,46.835973,248,2
cb2d1a770cf7,images/cb2d1a770cf7.jpg,61.692695,258,3
cb4255c8470f,images/cb4255c8470f.jpg,41.776567,262,2
cb4558b4a632,images/cb4558b4a632.jpg,4.0,227,0
cb478aa1c200,images/cb478aa1c200.jpg,47.642216,202,2
cb5228c7875b,images/cb5228c7875b.jpg,47.211399,10,2
cb5b29c28f1e,images/cb5b29c28f1e.jpg,50.142773,188,3
cb5b5035da1b,images/cb5b5035da1b.jpg,42.800832,134,2
cb678fc2efab,images/cb678fc2efab.jpg,46.85112,248,2
cb6bcda3540f,images/cb6bcda3540f.jpg,4.0,249,0
cb7c410549b9,images/cb7c410549b9.jpg,53.451841,172,3
cb843c9513cd,images/cb843c9513cd.jpg,50.795155,255,3
cb84ef0ba060,images/cb84ef0ba060.jpg,59.014794,203,3
cbdb49a90904,images/cbdb49a90904.jpg,53.833817,214,3
cbe14ddf9501,images/cbe14ddf9501.jpg,50.433723,264,3
cbfe8c6d7242,images/cbfe8c6d7242.jpg,50.433723,264,3
cc0f799f00d3,images/cc0f799f00d3.jpg,61.692695,258,3
cc10e1699b5e,images/cc10e1699b5e.jpg,61.679352,241,3
cc1fc96299c9,images/cc1fc96299c9.jpg,61.692695,258,3
cc2cf6814296,images/cc2cf6814296.jpg,61.692695,258,3
cc30f8a79098,images/cc30f8a79098.jpg,61.533161,254,3
cc4912fe2038,images/cc4912fe2038.jpg,51.529677,151,3
cc59353c34e1,images/cc59353c34e1.jpg,45.153509,220,2
cc5a9f91c17e,images/cc5a9f91c17e.jpg,4.0,228,0
cc5d86da7d50,images/cc5d86da7d50.jpg,4.0,227,0
cc79a7615871,images/cc79a7615871.jpg,49.610923,264,3
cc9c6f74c2ee,images/cc9c6f74c2ee.jpg,53.198781,242,3
ccaf3fbe0343,images/ccaf3fbe0343.jpg,48.459726,182,3
ccba90c94f25,images/ccba90c94f25.jpg,47.747842,213,2
ccc51a3273a3,images/ccc51a3273a3.jpg,65.445156,247,3
cce45e5e1782,images/cce45e5e1782.jpg,48.086044,154,3
cce9fabb7648,images/cce9fabb7648.jpg,4.0,218,0
ccef9310d622,images/ccef9310d622.jpg,32.979939,253,1
ccf507eac19b,images/ccf507eac19b.jpg,46.091598,250,2
ccf8ad490030,images/ccf8ad490030.jpg,27.245549,271,1
cd1f043ea304,images/cd1f043ea304.jpg,48.223504,182,3
cd222b083d8d,images/cd222b083d8d.jpg,47.895442,233,2
cd295c37e20f,images/cd295c37e20f.jpg,31.404094,267,1
cd2e4c6d36c1,images/cd2e4c6d36c1.jpg,4.0,16,0
cd34a6751fe2,images/cd34a6751fe2.jpg,32.163341,267,1
cd4d57f1e992,images/cd4d57f1e992.jpg,46.006276,265,2
cd73daf095cc,images/cd73daf095cc.jpg,27.246714,232,1
cd74d700b559,images/cd74d700b559.jpg,50.795155,255,3
cd93bc0fc1c6,images/cd93bc0fc1c6.jpg,4.0,252,0
cda18ce43f49,images/cda18ce43f49.jpg,47.382523,137,2
cdaf404fc539,images/cdaf404fc539.jpg,47.78352,268,2
cdb107949c3e,images/cdb107949c3e.jpg,4.0,251,0
cdb9234837be,images/cdb9234837be.jpg,60.768805,153,3
cdbc8d5241e1,images/cdbc8d5241e1.jpg,4.0,228,0
cde5a26f2542,images/cde5a26f2542.jpg,48.223504,182,3
cdecb5a546a7,images/cdecb5a546a7.jpg,48.459726,182,3
cdf1793c91fb,images/cdf1793c91fb.jpg,41.776567,262,2
cdf762281ff1,images/cdf762281ff1.jpg,50.433723,264,3
ce0115233cc4,images/ce0115233cc4.jpg,59.014794,203,3
ce043a92f006,images/ce043a92f006.jpg,47.756154,257,2
ce0bb692e0ef,images/ce0bb692e0ef.jpg,47.756154,257,2
ce0d67354eed,images/ce0d67354eed.jpg,53.208938,242,3
ce4082d7f11e,images/ce4082d7f11e.jpg,22.268428,10,1
ce48b9c5af36,images/ce48b9c5af36.jpg,47.01214,248,2
ce5c70f424e9,images/ce5c70f424e9.jpg,32.979939,253,1
ce62df5eac8b,images/ce62df5eac8b.jpg,48.459726,182,3
ce73d435d23d,images/ce73d435d23d.jpg,50.433723,264,3
ce74ea84d2a0,images/ce74ea84d2a0.jpg,61.692695,258,3
ce790a6fee65,images/ce790a6fee65.jpg,48.693852,243,3
ce7f2f097e08,images/ce7f2f097e08.jpg,49.610923,264,3
ce9299bcceba,images/ce9299bcceba.jpg,45.653811,220,2
ce93b94fcec2,images/ce93b94fcec2.jpg,50.795155,255,3
ce955c6867f5,images/ce955c6867f5.jpg,42.664793,10,2
cea0f0c4a903,images/cea0f0c4a903.jpg,46.68274,137,2
cea73b53ff7f,images/cea73b53ff7f.jpg,50.795155,255,3
cea942b242b3,images/cea942b242b3.jpg,48.634324,132,3
ceb470ef26d6,images/ceb470ef26d6.jpg,27.245549,271,1
cedbdf1ec5a0,images/cedbdf1ec5a0.jpg,27.245549,271,1
ceebe4831ecd,images/ceebe4831ecd.jpg,50.433723,264,3
cef5b25a85ea,images/cef5b25a85ea.jpg,61.692695,258,3
cefcbee4b3ea,images/cefcbee4b3ea.jpg,48.459726,182,3
cf000dd589f4,images/cf000dd589f4.jpg,32.979939,253,1
cf142d1e6712,images/cf142d1e6712.jpg,47.283467,243,2
cf17470d69a3,images/cf17470d69a3.jpg,45.724566,250,2
cf1ec58e4fd8,images/cf1ec58e4fd8.jpg,50.795155,255,3
cf459aad015d,images/cf459aad015d.jpg,48.613193,147,3
cf4d58349a1c,images/cf4d58349a1c.jpg,30.34291,237,1
cf5895990ddc,images/cf5895990ddc.jpg,4.0,218,0
cf5f213d3cff,images/cf5f213d3cff.jpg,47.867833,163,2
cf623fd6e222,images/cf623fd6e222.jpg,28.0,260,1
cf86f409b60b,images/cf86f409b60b.jpg,28.0,260,1
cf88755ca51b,images/cf88755ca51b.jpg,24.289093,38,1
cf902186afae,images/cf902186afae.jpg,61.692695,258,3
cf98c5c9099e,images/cf98c5c9099e.jpg,61.245509,132,3
cf98d39781be,images/cf98d39781be.jpg,50.795155,255,3
cf9e554d1775,images/cf9e554d1775.jpg,4.0,228,0
cfa960a637f0,images/cfa960a637f0.jpg,53.208938,242,3
cfb24cc33544,images/cfb24cc33544.jpg,61.533161,254,3
cfee39ecac48,images/cfee39ecac48.jpg,27.246714,232,1
d004743e5b73,images/d004743e5b73.jpg,31.909887,197,1
d016d4ae8beb,images/d016d4ae8beb.jpg,65.718386,240,3
d028f86d3c25,images/d028f86d3c25.jpg,41.776567,262,2
d0428ba5ede2,images/d0428ba5ede2.jpg,47.895442,233,2
d047a927d9cb,images/d047a927d9cb.jpg,27.245549,271,1
d04a1602ab61,images/d04a1602ab61.jpg,60.847692,245,3
d06a0d42e08e,images/d06a0d42e08e.jpg,65.445156,247,3
d082b3b0a721,images/d082b3b0a721.jpg,52.949495,254,3
d08ef2a607e1,images/d08ef2a607e1.jpg,66.166611,270,3
d094f3c8a60a,images/d094f3c8a60a.jpg,4.0,269,0
d096c9c9a5a7,images/d096c9c9a5a7.jpg,52.927974,248,3
d09cc2ffc1ca,images/d09cc2ffc1ca.jpg,47.895442,233,2
d0adf6e53b25,images/d0adf6e53b25.jpg,50.433723,264,3
d0be55530f81,images/d0be55530f81.jpg,4.0,228,0
d0d924439ae8,images/d0d924439ae8.jpg,27.245549,271,1
d0dc03035f53,images/d0dc03035f53.jpg,45.401358,148,2
d0f596145628,images/d0f596145628.jpg,35.191831,149,2
d106d2f5144c,images/d106d2f5144c.jpg,47.747842,213,2
d1151a6f6350,images/d1151a6f6350.jpg,61.599305,132,3
d121f7c357a2,images/d121f7c357a2.jpg,48.050318,229,3
d12971a68058,images/d12971a68058.jpg,4.0,228,0
d15ce1e28700,images/d15ce1e28700.jpg,50.433723,264,3
d168c53dd5de,images/d168c53dd5de.jpg,61.601185,192,3
d1cb77013e25,images/d1cb77013e25.jpg,4.0,218,0
d1cf43f5fe45,images/d1cf43f5fe45.jpg,28.0,10,1
d1d5946d2ee4,images/d1d5946d2ee4.jpg,4.0,210,0
d1d62249280f,images/d1d62249280f.jpg,49.744822,62,3
d1d6dc9e42ca,images/d1d6dc9e42ca.jpg,46.140188,265,2
d1d95e1dbc4c,images/d1d95e1dbc4c.jpg,30.250625,246,1
d1ddd5171c1f,images/d1ddd5171c1f.jpg,50.433723,264,3
d1e95661446e,images/d1e95661446e.jpg,33.219347,241,1
d1f49d439571,images/d1f49d439571.jpg,48.459726,182,3
d1f6f3f8cb6e,images/d1f6f3f8cb6e.jpg,31.386566,267,1
d1fe92501d82,images/d1fe92501d82.jpg,50.433723,264,3
d2313eefe24a,images/d2313eefe24a.jpg,47.91948,266,2
d23482d69912,images/d23482d69912.jpg,61.748616,224,3
d2405578a705,images/d2405578a705.jpg,50.433723,264,3
d25c548cfb99,images/d25c548cfb99.jpg,28.0,10,1
d25d143b532a,images/d25d143b532a.jpg,47.184219,243,2
d2685813d420,images/d2685813d420.jpg,49.31287,150,3
d26ba7943407,images/d26ba7943407.jpg,49.433826,151,3
d27250d7444e,images/d27250d7444e.jpg,47.895442,233,2
d27df386c433,images/d27df386c433.jpg,61.692695,258,3
d2803ab028ac,images/d2803ab028ac.jpg,50.795155,255,3
d281443ded87,images/d281443ded87.jpg,4.0,189,0
d298927bf9c8,images/d298927bf9c8.jpg,48.49544,132,3
d2b3aa3f4841,images/d2b3aa3f4841.jpg,30.250625,246,1
d2bd35134f84,images/d2bd35134f84.jpg,27.245549,271,1
d2bf54addc58,images/d2bf54addc58.jpg,27.246714,232,1
d2f85aea5488,images/d2f85aea5488.jpg,30.250625,246,1
d2fbd56bc1fa,images/d2fbd56bc1fa.jpg,4.0,234,0
d310e776c170,images/d310e776c170.jpg,33.219347,241,1
d31c8f69ea78,images/d31c8f69ea78.jpg,25.832329,260,1
d3417a192479,images/d3417a192479.jpg,4.0,121,0
d34baae136e9,images/d34baae136e9.jpg,33.219347,241,1
d35cb188d271,images/d35cb188d271.jpg,4.0,10,0
d36bb7981a4b,images/d36bb7981a4b.jpg,66.827561,254,3
d371e3adc58c,images/d371e3adc58c.jpg,61.692695,258,3
d375b18d84dd,images/d375b18d84dd.jpg,4.0,152,0
d37a8c78d51f,images/d37a8c78d51f.jpg,61.599305,132,3
d37cd18dc7e9,images/d37cd18dc7e9.jpg,47.366875,266,2
d3885fb50a9a,images/d3885fb50a9a.jpg,56.99834,101,3
d388c841832c,images/d388c841832c.jpg,50.433723,264,3
d38aed643535,images/d38aed643535.jpg,50.433723,264,3
d3b5b03298b8,images/d3b5b03298b8.jpg,32.447918,62,1
d3c6ae04730b,images/d3c6ae04730b.jpg,47.952342,239,2
d3c89da7fa9b,images/d3c89da7fa9b.jpg,50.795155,255,3
d3d07d7d4522,images/d3d07d7d4522.jpg,53.108162,261,3
d3d3a6e3575e,images/d3d3a6e3575e.jpg,4.0,249,0
d3d3d68456a6,images/d3d3d68456a6.jpg,47.747842,213,2
d3f74a3a89aa,images/d3f74a3a89aa.jpg,4.0,121,0
d4027c885402,images/d4027c885402.jpg,50.300215,13,3
d405eb2b03fa,images/d405eb2b03fa.jpg,4.0,10,0
d40fa7ae42b3,images/d40fa7ae42b3.jpg,4.0,251,0
d4121af58636,images/d4121af58636.jpg,47.952342,239,2
d41c5b4e655b,images/d41c5b4e655b.jpg,50.795155,255,3
d44cbefd9cb5,images/d44cbefd9cb5.jpg,60.768805,153,3
d45d6abd93f8,images/d45d6abd93f8.jpg,48.086044,154,3
d463ca893921,images/d463ca893921.jpg,4.0,10,0
d46b64124317,images/d46b64124317.jpg,48.086044,154,3
d4727eaaa431,images/d4727eaaa431.jpg,44.22344,155,2
d47c56f1ca91,images/d47c56f1ca91.jpg,25.832329,260,1
d47f04d4111a,images/d47f04d4111a.jpg,61.194654,132,3
d47fcea1774f,images/d47fcea1774f.jpg,48.010988,207,3
d4817797a30d,images/d4817797a30d.jpg,61.679352,241,3
d487d20e8601,images/d487d20e8601.jpg,50.795155,255,3
d4a3702dde8b,images/d4a3702dde8b.jpg,25.832329,260,1
d4a7b81a55e1,images/d4a7b81a55e1.jpg,27.245549,271,1
d4be3f91a271,images/d4be3f91a271.jpg,27.245549,271,1
d4c09a89a463,images/d4c09a89a463.jpg,66.827561,254,3
d4c9669e4629,images/d4c9669e4629.jpg,28.0,10,1
d4df3d693a21,images/d4df3d693a21.jpg,41.391489,250,2
d4e169592f16,images/d4e169592f16.jpg,48.31141,248,3
d4ec7da5369f,images/d4ec7da5369f.jpg,61.304014,132,3
d5065a2c1a35,images/d5065a2c1a35.jpg,52.870386,248,3
d5195068ece8,images/d5195068ece8.jpg,27.245549,271,1
d52238296afb,images/d52238296afb.jpg,4.0,227,0
d5282dea24e3,images/d5282dea24e3.jpg,4.0,251,0
d52874db28b1,images/d52874db28b1.jpg,4.0,156,0
d529677b398f,images/d529677b398f.jpg,50.433723,264,3
d52de38fa967,images/d52de38fa967.jpg,46.835973,248,2
d556f6a07b83,images/d556f6a07b83.jpg,41.776567,262,2
d57031dc3322,images/d57031dc3322.jpg,4.0,173,0
d5767ff8203b,images/d5767ff8203b.jpg,46.395266,265,2
d58252ae3c8a,images/d58252ae3c8a.jpg,53.843117,182,3
d58c2c6c135c,images/d58c2c6c135c.jpg,47.788986,235,2
d590496d1cf0,images/d590496d1cf0.jpg,4.0,157,0
d59c429f8075,images/d59c429f8075.jpg,61.692695,258,3
d5a78c6aed24,images/d5a78c6aed24.jpg,60.339223,240,3
d5b1d93d94dc,images/d5b1d93d94dc.jpg,53.833817,214,3
d5bbd5c00a74,images/d5bbd5c00a74.jpg,30.250625,246,1
d5c751a1b5be,images/d5c751a1b5be.jpg,4.0,158,0
d5d36e0b173f,images/d5d36e0b173f.jpg,31.386566,267,1
d5dbae1a506e,images/d5dbae1a506e.jpg,27.245549,271,1
d5e66309ddb5,images/d5e66309ddb5.jpg,27.245549,271,1
d5e9572ec2bf,images/d5e9572ec2bf.jpg,50.433723,264,3
d5eb9aa3fca4,images/d5eb9aa3fca4.jpg,4.0,10,0
d5ef4d0e2d3f,images/d5ef4d0e2d3f.jpg,48.459726,182,3
d5f629c2e046,images/d5f629c2e046.jpg,50.300215,13,3
d5f9542396c2,images/d5f9542396c2.jpg,0.0,159,0
d604f2000579,images/d604f2000579.jpg,47.345483,243,2
d60568665c97,images/d60568665c97.jpg,65.445156,247,3
d607138e537c,images/d607138e537c.jpg,41.776567,262,2
d625f72cca91,images/d625f72cca91.jpg,4.0,269,0
d6327fd3b6fb,images/d6327fd3b6fb.jpg,48.029351,150,3
d636efdbecba,images/d636efdbecba.jpg,61.612268,236,3
d63f4434e2b4,images/d63f4434e2b4.jpg,50.433723,264,3
d6440e9e7a67,images/d6440e9e7a67.jpg,32.163341,267,1
d66154123c7d,images/d66154123c7d.jpg,47.91948,266,2
d6677b78599b,images/d6677b78599b.jpg,61.599305,132,3
d673958e87df,images/d673958e87df.jpg,27.245549,271,1
d679f52f8c31,images/d679f52f8c31.jpg,4.0,251,0
d6875ad68607,images/d6875ad68607.jpg,48.459726,182,3
d692616f0899,images/d692616f0899.jpg,32.979939,253,1
d69d6857e43a,images/d69d6857e43a.jpg,4.0,160,0
d6b3018a0e64,images/d6b3018a0e64.jpg,32.163341,267,1
d6b41b11e31b,images/d6b41b11e31b.jpg,61.692695,258,3
d6c2a8a3db4b,images/d6c2a8a3db4b.jpg,28.0,260,1
d6cd0624d991,images/d6cd0624d991.jpg,48.029351,150,3
d6d7876a99d5,images/d6d7876a99d5.jpg,4.0,227,0
d6eb7070fc5b,images/d6eb7070fc5b.jpg,49.610923,264,3
d6f76dc24495,images/d6f76dc24495.jpg,32.163341,267,1
d6f8d1026a55,images/d6f8d1026a55.jpg,47.895442,233,2
d6f93867e5a0,images/d6f93867e5a0.jpg,4.0,66,0
d704c26d779e,images/d704c26d779e.jpg,61.692695,258,3
d722e0544036,images/d722e0544036.jpg,4.0,269,0
d7302af26302,images/d7302af26302.jpg,50.795155,255,3
d7420ae30f3f,images/d7420ae30f3f.jpg,4.0,251,0
d75adbd1cd47,images/d75adbd1cd47.jpg,4.0,251,0
d784c9845323,images/d784c9845323.jpg,47.895442,233,2
d7930d7a2951,images/d7930d7a2951.jpg,32.308378,267,1
d79d559392d2,images/d79d559392d2.jpg,4.0,238,0
d7ab4ce441e8,images/d7ab4ce441e8.jpg,52.769571,248,3
d7ab5168f4c6,images/d7ab5168f4c6.jpg,27.245549,271,1
d7c69775b536,images/d7c69775b536.jpg,61.599305,132,3
d7d3b398f81e,images/d7d3b398f81e.jpg,50.795155,255,3
d7e28134a2f5,images/d7e28134a2f5.jpg,4.0,194,0
d7e31758dffb,images/d7e31758dffb.jpg,4.0,161,0
d7eed0b0d838,images/d7eed0b0d838.jpg,48.038821,207,3
d800038fd380,images/d800038fd380.jpg,61.692695,258,3
d80785be715b,images/d80785be715b.jpg,66.188587,270,3
d818827a70c5,images/d818827a70c5.jpg,4.0,10,0
d83a34e7d88e,images/d83a34e7d88e.jpg,44.148421,220,2
d83a6964201e,images/d83a6964201e.jpg,27.245549,271,1
d83d0cbc7481,images/d83d0cbc7481.jpg,0.0,83,0
d83e32dd6e00,images/d83e32dd6e00.jpg,53.843117,182,3
d83e98a00b55,images/d83e98a00b55.jpg,4.0,251,0
d84213cea5b8,images/d84213cea5b8.jpg,26.791377,231,1
d84901e9a109,images/d84901e9a109.jpg,50.795155,255,3
d84c0ba99c7e,images/d84c0ba99c7e.jpg,50.433723,264,3
d85185b817b1,images/d85185b817b1.jpg,30.250625,246,1
d853363a1d9f,images/d853363a1d9f.jpg,31.404094,267,1
d85d8da477a5,images/d85d8da477a5.jpg,26.109484,260,1
d88c8b15e293,images/d88c8b15e293.jpg,25.832329,260,1
d88cf555b7a8,images/d88cf555b7a8.jpg,4.0,162,0
d8b8004594b1,images/d8b8004594b1.jpg,4.0,248,0
d8cafc1a0ed5,images/d8cafc1a0ed5.jpg,50.795155,255,3
d8cc4ccf06ca,images/d8cc4ccf06ca.jpg,47.867833,163,2
d8e3b22ccaae,images/d8e3b22ccaae.jpg,61.692695,258,3
d8f093c44197,images/d8f093c44197.jpg,60.847692,245,3
d8f26f4e60f0,images/d8f26f4e60f0.jpg,47.952342,239,2
d8f494d1d529,images/d8f494d1d529.jpg,61.692695,258,3
d8f71622f108,images/d8f71622f108.jpg,29.946843,10,1
d90e1f5fb4cd,images/d90e1f5fb4cd.jpg,50.795155,255,3
d933a7eaa7b2,images/d933a7eaa7b2.jpg,49.610923,264,3
d936a0beb047,images/d936a0beb047.jpg,61.777617,244,3
d93ed83e1a10,images/d93ed83e1a10.jpg,50.795155,255,3
d940788b91e3,images/d940788b91e3.jpg,50.795155,255,3
d95284328760,images/d95284328760.jpg,4.0,251,0
d976bf14d046,images/d976bf14d046.jpg,52.949495,254,3
d994261e9466,images/d994261e9466.jpg,61.692695,258,3
d9b3f6fb9791,images/d9b3f6fb9791.jpg,4.0,251,0
d9b47c76bd7d,images/d9b47c76bd7d.jpg,48.506613,182,3
d9be75f57188,images/d9be75f57188.jpg,38.440934,205,2
d9c91c9396e9,images/d9c91c9396e9.jpg,4.0,10,0
d9cd0fbe15bd,images/d9cd0fbe15bd.jpg,50.795155,255,3
d9d12b8cf8c7,images/d9d12b8cf8c7.jpg,46.395266,265,2
d9d6608695de,images/d9d6608695de.jpg,32.163341,267,1
d9db53890374,images/d9db53890374.jpg,27.245549,271,1
d9e1ae5b8553,images/d9e1ae5b8553.jpg,27.246714,232,1
d9f64e2aae84,images/d9f64e2aae84.jpg,49.551765,264,3
d9f740016e57,images/d9f740016e57.jpg,41.776567,262,2
d9fcd6655b7b,images/d9fcd6655b7b.jpg,49.610923,264,3
da00ee0ee549,images/da00ee0ee549.jpg,48.459726,182,3
da07da882de5,images/da07da882de5.jpg,4.0,130,0
da092a4e17ff,images/da092a4e17ff.jpg,28.0,10,1
da1112b544c1,images/da1112b544c1.jpg,33.219347,241,1
da1599add762,images/da1599add762.jpg,61.692695,258,3
da2a6508afab,images/da2a6508afab.jpg,46.166579,137,2
da5cd5d96e90,images/da5cd5d96e90.jpg,34.190379,177,1
da62640cb5cc,images/da62640cb5cc.jpg,43.74953,164,2
da6d13150590,images/da6d13150590.jpg,32.163341,267,1
da86d6c7db72,images/da86d6c7db72.jpg,66.827561,254,3
da90659dfba6,images/da90659dfba6.jpg,27.246714,232,1
da98c0896bfc,images/da98c0896bfc.jpg,50.795155,255,3
daa0f351163e,images/daa0f351163e.jpg,28.0,204,1
daa4c1e07039,images/daa4c1e07039.jpg,40.870884,137,2
daae284e0a08,images/daae284e0a08.jpg,27.245549,271,1
dae250956588,images/dae250956588.jpg,4.0,218,0
daeb39e7d9f3,images/daeb39e7d9f3.jpg,46.172883,265,2
daed84261145,images/daed84261145.jpg,48.459726,182,3
daf91ccdcddc,images/daf91ccdcddc.jpg,48.029351,150,3
db1bac8dad99,images/db1bac8dad99.jpg,48.029351,150,3
db465149b7e9,images/db465149b7e9.jpg,61.052132,182,3
db4808dc59f0,images/db4808dc59f0.jpg,46.006276,265,2
db5f7a6b7cc6,images/db5f7a6b7cc6.jpg,48.459726,182,3
db7bc6410095,images/db7bc6410095.jpg,32.979939,253,1
db7e18f3049a,images/db7e18f3049a.jpg,47.172036,10,2
db8868da88c2,images/db8868da88c2.jpg,59.014794,203,3
db8c87aaec2e,images/db8c87aaec2e.jpg,4.0,269,0
db8fe3e9a87b,images/db8fe3e9a87b.jpg,40.935009,144,2
dba2e60a41c0,images/dba2e60a41c0.jpg,32.163341,267,1
dba8101e2dc5,images/dba8101e2dc5.jpg,53.210447,242,3
dbc441cd39ca,images/dbc441cd39ca.jpg,49.610923,264,3
dbca3adf1c32,images/dbca3adf1c32.jpg,48.038821,207,3
dbd330d09ad7,images/dbd330d09ad7.jpg,48.194579,230,3
dbd7c86e0d45,images/dbd7c86e0d45.jpg,4.0,249,0
dbf7c0ff3551,images/dbf7c0ff3551.jpg,4.0,269,0
dc0db9dbc71e,images/dc0db9dbc71e.jpg,4.0,218,0
dc1edc1bb1e2,images/dc1edc1bb1e2.jpg,48.223504,182,3
dc24b7d86769,images/dc24b7d86769.jpg,47.731673,195,2
dc35e995d649,images/dc35e995d649.jpg,61.692695,258,3
dc4314b63589,images/dc4314b63589.jpg,30.495943,62,1
dc6040cce2f4,images/dc6040cce2f4.jpg,28.0,260,1
dc6418ecdae8,images/dc6418ecdae8.jpg,4.0,165,0
dc71f9b90a7b,images/dc71f9b90a7b.jpg,50.795155,255,3
dc77f9e17c86,images/dc77f9e17c86.jpg,47.78352,268,2
dc85a2782ff6,images/dc85a2782ff6.jpg,59.014794,203,3
dc93b310a158,images/dc93b310a158.jpg,49.610923,264,3
dc9523bdbca3,images/dc9523bdbca3.jpg,50.760047,62,3
dca143f93e03,images/dca143f93e03.jpg,60.847692,245,3
dca184a67ce4,images/dca184a67ce4.jpg,47.278559,250,2
dca32a9b97a3,images/dca32a9b97a3.jpg,44.126016,261,2
dca727762ca8,images/dca727762ca8.jpg,50.433723,264,3
dcafb0727351,images/dcafb0727351.jpg,4.0,166,0
dcbb63d4829b,images/dcbb63d4829b.jpg,28.0,186,1
dcd6490e21ab,images/dcd6490e21ab.jpg,4.0,10,0
dcd9a126ba32,images/dcd9a126ba32.jpg,50.795155,255,3
dce21875eaf3,images/dce21875eaf3.jpg,61.692695,258,3
dceaf586c923,images/dceaf586c923.jpg,65.715682,167,3
dcf9a5d8d468,images/dcf9a5d8d468.jpg,48.045059,248,3
dcfa512200b7,images/dcfa512200b7.jpg,26.638821,86,1
dcfcc09d56c0,images/dcfcc09d56c0.jpg,32.163341,267,1
dd2ce17ca279,images/dd2ce17ca279.jpg,50.142773,188,3
dd31096a1d90,images/dd31096a1d90.jpg,4.0,16,0
dd5b3ffac5d8,images/dd5b3ffac5d8.jpg,50.433723,264,3
dd5cc1ef85c8,images/dd5cc1ef85c8.jpg,60.847692,245,3
dd5f843cfdb1,images/dd5f843cfdb1.jpg,27.246714,232,1
dd616c8a00e0,images/dd616c8a00e0.jpg,4.0,189,0
dd76714883ee,images/dd76714883ee.jpg,47.345483,243,2
dd7973367f22,images/dd7973367f22.jpg,4.0,10,0
dda9b170ed5d,images/dda9b170ed5d.jpg,48.138003,168,3
ddbb9cf67a9a,images/ddbb9cf67a9a.jpg,61.679352,241,3
ddca1ac15fae,images/ddca1ac15fae.jpg,4.0,210,0
dddcf9d37b10,images/dddcf9d37b10.jpg,47.78352,268,2
dde6beec6ff6,images/dde6beec6ff6.jpg,61.692695,258,3
ddf19609b18c,images/ddf19609b18c.jpg,53.843117,182,3
de011cdd23f3,images/de011cdd23f3.jpg,47.91948,266,2
de1c5fe6de9b,images/de1c5fe6de9b.jpg,32.163341,267,1
de28184897fd,images/de28184897fd.jpg,46.032009,256,2
de3bce2a160c,images/de3bce2a160c.jpg,61.601185,192,3
de41b9cd032b,images/de41b9cd032b.jpg,47.78352,268,2
de480b0cfe18,images/de480b0cfe18.jpg,66.177195,270,3
de52412ac377,images/de52412ac377.jpg,4.0,10,0
de5a0c708c48,images/de5a0c708c48.jpg,4.0,10,0
de600b5895d9,images/de600b5895d9.jpg,4.0,227,0
de7de026349a,images/de7de026349a.jpg,58.598885,169,3
de840c70b819,images/de840c70b819.jpg,46.032009,256,2
dea3f2c0f159,images/dea3f2c0f159.jpg,4.0,252,0
debbafc0ae21,images/debbafc0ae21.jpg,47.366875,266,2
dee13eb63548,images/dee13eb63548.jpg,32.979939,253,1
deec1b62b997,images/deec1b62b997.jpg,48.050318,229,3
deef488b6ffe,images/deef488b6ffe.jpg,4.0,130,0
def1ec67bb49,images/def1ec67bb49.jpg,50.560926,182,3
def450f55027,images/def450f55027.jpg,4.0,218,0
def704431c65,images/def704431c65.jpg,4.0,269,0
df07e7a6f050,images/df07e7a6f050.jpg,4.0,210,0
df0a032f8581,images/df0a032f8581.jpg,50.433723,264,3
df0a27529563,images/df0a27529563.jpg,4.0,269,0
df309bccd16c,images/df309bccd16c.jpg,4.0,10,0
df327c1e0e27,images/df327c1e0e27.jpg,4.0,218,0
df4aab6fd7af,images/df4aab6fd7af.jpg,28.0,260,1
df53ed025455,images/df53ed025455.jpg,4.0,249,0
df585ac1e544,images/df585ac1e544.jpg,50.795155,255,3
df68adb2997b,images/df68adb2997b.jpg,50.795155,255,3
df74f1c2330a,images/df74f1c2330a.jpg,44.126016,261,2
dff64f9e77b6,images/dff64f9e77b6.jpg,47.283467,243,2
dff9bb0dbebb,images/dff9bb0dbebb.jpg,48.038821,207,3
e006a7187553,images/e006a7187553.jpg,61.748616,224,3
e007b13d0328,images/e007b13d0328.jpg,53.088017,262,3
e01d6b8751fe,images/e01d6b8751fe.jpg,4.0,200,0
e020efe5974f,images/e020efe5974f.jpg,32.163341,267,1
e044331b65cf,images/e044331b65cf.jpg,60.847692,245,3
e04b48782083,images/e04b48782083.jpg,52.769571,248,3
e0526c952aef,images/e0526c952aef.jpg,4.0,238,0
e054d46df4e0,images/e054d46df4e0.jpg,59.014794,203,3
e056b22d382e,images/e056b22d382e.jpg,29.992438,122,1
e05e7500fe6a,images/e05e7500fe6a.jpg,47.78352,268,2
e061cea147ae,images/e061cea147ae.jpg,59.014794,203,3
e078d1ca7a63,images/e078d1ca7a63.jpg,66.827561,254,3
e07a76855801,images/e07a76855801.jpg,49.610923,264,3
e07d79cc54bf,images/e07d79cc54bf.jpg,61.692695,258,3
e080f3c41f97,images/e080f3c41f97.jpg,31.404094,267,1
e081e4ad0c8a,images/e081e4ad0c8a.jpg,61.748616,224,3
e093e4a8185a,images/e093e4a8185a.jpg,61.692695,258,3
e0a4c4db3bd8,images/e0a4c4db3bd8.jpg,53.208938,242,3
e0a6dee8d0fb,images/e0a6dee8d0fb.jpg,31.404094,267,1
e0d94d59805c,images/e0d94d59805c.jpg,50.433723,264,3
e0e9b28c5dde,images/e0e9b28c5dde.jpg,4.0,269,0
e0f05335069d,images/e0f05335069d.jpg,25.33864,260,1
e0f5f91fe8f9,images/e0f5f91fe8f9.jpg,44.126016,261,2
e0f749c82ada,images/e0f749c82ada.jpg,32.979939,253,1
e0f902398ac2,images/e0f902398ac2.jpg,4.0,218,0
e0fc16b12167,images/e0fc16b12167.jpg,50.795155,255,3
e0fe81a040be,images/e0fe81a040be.jpg,28.0,186,1
e10369d48b42,images/e10369d48b42.jpg,47.772354,170,2
e108bd5b5aaa,images/e108bd5b5aaa.jpg,4.0,228,0
e1159ab38804,images/e1159ab38804.jpg,47.788986,235,2
e11b4596c5f3,images/e11b4596c5f3.jpg,53.208938,242,3
e142cb1742f9,images/e142cb1742f9.jpg,41.776567,262,2
e1482d7d889d,images/e1482d7d889d.jpg,66.827561,254,3
e148f251d5cf,images/e148f251d5cf.jpg,61.096526,132,3
e15020862a27,images/e15020862a27.jpg,31.404094,267,1
e15091e7476f,images/e15091e7476f.jpg,50.433723,264,3
e1779bf0e571,images/e1779bf0e571.jpg,4.0,221,0
e187fd297131,images/e187fd297131.jpg,4.0,171,0
e1d11ffb1907,images/e1d11ffb1907.jpg,4.0,210,0
e1d3b28929a0,images/e1d3b28929a0.jpg,41.776567,262,2
e1de1fdd5d90,images/e1de1fdd5d90.jpg,4.0,218,0
e1f196b51647,images/e1f196b51647.jpg,65.445156,247,3
e20198cd8d4e,images/e20198cd8d4e.jpg,4.0,218,0
e2336b5e88b9,images/e2336b5e88b9.jpg,45.900713,220,2
e23dc35a13af,images/e23dc35a13af.jpg,4.0,251,0
e24a696497d0,images/e24a696497d0.jpg,48.501705,132,3
e24e08b48356,images/e24e08b48356.jpg,4.0,200,0
e26cbeab8189,images/e26cbeab8189.jpg,4.0,228,0
e27f15700115,images/e27f15700115.jpg,50.795155,255,3
e2956af5ade7,images/e2956af5ade7.jpg,32.163341,267,1
e2a775e97bad,images/e2a775e97bad.jpg,47.823675,172,2
e2be15265f6c,images/e2be15265f6c.jpg,50.795155,255,3
e2f40a060a34,images/e2f40a060a34.jpg,61.692695,258,3
e2f532faf73d,images/e2f532faf73d.jpg,4.0,251,0
e2f6be24b635,images/e2f6be24b635.jpg,50.433723,264,3
e2fb1a295394,images/e2fb1a295394.jpg,32.163341,267,1
e30121c3ac14,images/e30121c3ac14.jpg,28.0,260,1
e3372a05f712,images/e3372a05f712.jpg,53.253015,173,3
e33dc6ee6e08,images/e33dc6ee6e08.jpg,4.0,10,0
e33e3842a267,images/e33e3842a267.jpg,4.0,174,0
e35410dd925e,images/e35410dd925e.jpg,47.846504,262,2
e355ff905401,images/e355ff905401.jpg,48.194579,230,3
e3587f7d37fe,images/e3587f7d37fe.jpg,28.0,237,1
e358a238d0c5,images/e358a238d0c5.jpg,4.0,251,0
e37644d9de02,images/e37644d9de02.jpg,4.0,198,0
e393319c80af,images/e393319c80af.jpg,47.78352,268,2
e3addc3e3e94,images/e3addc3e3e94.jpg,50.433723,264,3
e3afc5450903,images/e3afc5450903.jpg,4.0,10,0
e3bd7b89f7f6,images/e3bd7b89f7f6.jpg,47.184219,243,2
e3c0e8c1ae72,images/e3c0e8c1ae72.jpg,49.384589,124,3
e3ce95e76749,images/e3ce95e76749.jpg,53.751639,214,3
e3d1d53bcb1c,images/e3d1d53bcb1c.jpg,49.610923,264,3
e3d5dcfed0dc,images/e3d5dcfed0dc.jpg,47.124935,248,2
e3db73d1af2f,images/e3db73d1af2f.jpg,49.610923,264,3
e3e801a32600,images/e3e801a32600.jpg,32.979939,253,1
e3f2a0b58902,images/e3f2a0b58902.jpg,4.0,175,0
e3f3dff4f471,images/e3f3dff4f471.jpg,33.219347,241,1
e3f9f553e5e3,images/e3f9f553e5e3.jpg,30.060556,176,1
e408bfe11631,images/e408bfe11631.jpg,61.777617,244,3
e409174e9eec,images/e409174e9eec.jpg,46.032009,256,2
e40e1a558e0d,images/e40e1a558e0d.jpg,48.029351,150,3
e40e26a9b66e,images/e40e26a9b66e.jpg,27.245549,271,1
e42883c0f2e8,images/e42883c0f2e8.jpg,33.569643,182,1
e42ae83145b0,images/e42ae83145b0.jpg,41.391489,250,2
e45351f5ee6a,images/e45351f5ee6a.jpg,48.010988,207,3
e4535d702510,images/e4535d702510.jpg,47.184219,243,2
e457cb02db6b,images/e457cb02db6b.jpg,4.0,10,0
e45b01f0da4a,images/e45b01f0da4a.jpg,61.692695,258,3
e45cc230a9ac,images/e45cc230a9ac.jpg,61.173991,132,3
e479a4857eb3,images/e479a4857eb3.jpg,30.288235,73,1
e47a2a5e3ccb,images/e47a2a5e3ccb.jpg,28.0,260,1
e47e119bacea,images/e47e119bacea.jpg,48.029351,150,3
e48c7611c78b,images/e48c7611c78b.jpg,59.147959,192,3
e49a3f9f5f32,images/e49a3f9f5f32.jpg,34.190379,177,1
e4a22eb8e800,images/e4a22eb8e800.jpg,61.655076,178,3
e4aca92e7892,images/e4aca92e7892.jpg,4.0,234,0
e4cd5d1fa064,images/e4cd5d1fa064.jpg,47.78352,268,2
e4d4ccb1cd5e,images/e4d4ccb1cd5e.jpg,4.0,179,0
e4d5451664b5,images/e4d5451664b5.jpg,50.433723,264,3
e4d88e81f489,images/e4d88e81f489.jpg,4.0,228,0
e4e57f42d37f,images/e4e57f42d37f.jpg,61.748616,224,3
e4fc77d7badb,images/e4fc77d7badb.jpg,4.0,251,0
e500dc31cce8,images/e500dc31cce8.jpg,50.433723,264,3
e5430d8da80d,images/e5430d8da80d.jpg,45.320031,256,2
e550ffd5846c,images/e550ffd5846c.jpg,50.433723,264,3
e5552627e7cb,images/e5552627e7cb.jpg,50.795155,255,3
e55bfb2c03b3,images/e55bfb2c03b3.jpg,50.795155,255,3
e57d128d8ff8,images/e57d128d8ff8.jpg,48.693852,243,3
e583251a7339,images/e583251a7339.jpg,47.78352,268,2
e594d4f94512,images/e594d4f94512.jpg,32.979939,253,1
e59b29f6716c,images/e59b29f6716c.jpg,46.649,10,2
e5a5be023cce,images/e5a5be023cce.jpg,4.0,251,0
e5b1f1fef329,images/e5b1f1fef329.jpg,47.378275,248,2
e5ba97fd1d69,images/e5ba97fd1d69.jpg,4.0,10,0
e5c4c42686b2,images/e5c4c42686b2.jpg,47.952342,239,2
e5ca898c223c,images/e5ca898c223c.jpg,0.0,10,0
e5daa9b5d092,images/e5daa9b5d092.jpg,4.0,269,0
e5fba0c2a363,images/e5fba0c2a363.jpg,28.0,260,1
e609f0af78db,images/e609f0af78db.jpg,61.692695,258,3
e60deebeb3ed,images/e60deebeb3ed.jpg,65.445156,247,3
e618227416b9,images/e618227416b9.jpg,49.610923,264,3
e629c39915fd,images/e629c39915fd.jpg,4.0,218,0
e635021b6da4,images/e635021b6da4.jpg,32.979939,253,1
e69879165dd5,images/e69879165dd5.jpg,50.795155,255,3
e6b40f9fa7f0,images/e6b40f9fa7f0.jpg,58.643438,216,3
e6b6cd1a450d,images/e6b6cd1a450d.jpg,0.0,118,0
e6c5429f3fa5,images/e6c5429f3fa5.jpg,52.949495,254,3
e6d6991c8926,images/e6d6991c8926.jpg,50.142773,188,3
e6ecd05d8e0d,images/e6ecd05d8e0d.jpg,59.286125,245,3
e6ee844393ba,images/e6ee844393ba.jpg,39.721532,10,2
e71e98ee6b51,images/e71e98ee6b51.jpg,27.250083,180,1
e7319f652694,images/e7319f652694.jpg,58.735045,181,3
e731ad741698,images/e731ad741698.jpg,47.283467,243,2
e7343a3e8350,images/e7343a3e8350.jpg,61.692695,258,3
e7344594c59e,images/e7344594c59e.jpg,4.0,194,0
e737e0c0fe38,images/e737e0c0fe38.jpg,4.0,10,0
e73bcef49687,images/e73bcef49687.jpg,50.795155,255,3
e74f36190c84,images/e74f36190c84.jpg,59.88506,181,3
e7646705a5c0,images/e7646705a5c0.jpg,41.776567,262,2
e768e5d639e8,images/e768e5d639e8.jpg,44.126016,261,2
e76e4ede4355,images/e76e4ede4355.jpg,33.569643,182,1
e77937428687,images/e77937428687.jpg,31.404094,267,1
e77fb878ad16,images/e77fb878ad16.jpg,61.692695,258,3
e7924ba08385,images/e7924ba08385.jpg,41.09006,205,2
e799da2602ef,images/e799da2602ef.jpg,49.610923,264,3
e7afb9739257,images/e7afb9739257.jpg,4.0,183,0
e7b595291de3,images/e7b595291de3.jpg,54.922081,184,3
e7bab8f1415e,images/e7bab8f1415e.jpg,32.163341,267,1
e7cd499775ab,images/e7cd499775ab.jpg,50.795155,255,3
e7d671f61363,images/e7d671f61363.jpg,47.124935,248,2
e7e50e3a198e,images/e7e50e3a198e.jpg,56.428837,268,3
e7f73aff74ec,images/e7f73aff74ec.jpg,47.770235,222,2
e7f7f5f1e30f,images/e7f7f5f1e30f.jpg,47.394408,185,2
e807549a464d,images/e807549a464d.jpg,28.0,186,1
e80ee6060d5d,images/e80ee6060d5d.jpg,47.184219,243,2
e8260c411163,images/e8260c411163.jpg,47.115373,187,2
e840a62a033f,images/e840a62a033f.jpg,49.610923,264,3
e8670c64a659,images/e8670c64a659.jpg,53.833817,214,3
e86d49e2d33a,images/e86d49e2d33a.jpg,53.345854,259,3
e879856e4e50,images/e879856e4e50.jpg,47.366875,266,2
e8845de01058,images/e8845de01058.jpg,47.757234,137,2
e88875416cce,images/e88875416cce.jpg,47.366875,266,2
e8d0da911a86,images/e8d0da911a86.jpg,50.433723,264,3
e8d9cfb57ace,images/e8d9cfb57ace.jpg,47.756154,257,2
e8deb85ccaf6,images/e8deb85ccaf6.jpg,25.058319,10,1
e8df71355a2f,images/e8df71355a2f.jpg,50.433723,264,3
e8fdab410d32,images/e8fdab410d32.jpg,31.909887,197,1
e909049c9127,images/e909049c9127.jpg,48.459726,182,3
e90bf64b388f,images/e90bf64b388f.jpg,44.751664,256,2
e91761bfcc7e,images/e91761bfcc7e.jpg,32.979939,253,1
e928a17020b3,images/e928a17020b3.jpg,4.0,269,0
e94edb28f675,images/e94edb28f675.jpg,50.433723,264,3
e954440e15f2,images/e954440e15f2.jpg,32.163341,267,1
e95b54d89c71,images/e95b54d89c71.jpg,4.0,228,0
e982f9ec948f,images/e982f9ec948f.jpg,47.184219,243,2
e99c0c876b3f,images/e99c0c876b3f.jpg,4.0,227,0
e99f081b8b46,images/e99f081b8b46.jpg,4.0,252,0
e9b5eadb13a1,images/e9b5eadb13a1.jpg,47.184219,243,2
e9c456b1b19b,images/e9c456b1b19b.jpg,50.447601,10,3
e9ce5df8f968,images/e9ce5df8f968.jpg,61.692695,258,3
e9e93a71b42a,images/e9e93a71b42a.jpg,46.091598,250,2
e9fa2d533ba6,images/e9fa2d533ba6.jpg,50.142773,188,3
ea1f17a3005f,images/ea1f17a3005f.jpg,4.0,189,0
ea301edd8f69,images/ea301edd8f69.jpg,4.0,10,0
ea33dee9e423,images/ea33dee9e423.jpg,32.163341,267,1
ea387f817beb,images/ea387f817beb.jpg,33.219347,241,1
ea44ee899870,images/ea44ee899870.jpg,4.0,269,0
ea5eafe27c45,images/ea5eafe27c45.jpg,61.304014,132,3
ea6409f514d8,images/ea6409f514d8.jpg,50.795155,255,3
ea688c967d30,images/ea688c967d30.jpg,48.223504,182,3
ea69e39bd06d,images/ea69e39bd06d.jpg,47.642216,202,2
ea6db3dcfd72,images/ea6db3dcfd72.jpg,27.246714,232,1
ea78b1dfdd72,images/ea78b1dfdd72.jpg,47.895442,233,2
ea7bea2400e0,images/ea7bea2400e0.jpg,60.847692,245,3
ea8b593a144e,images/ea8b593a144e.jpg,50.433723,264,3
ea97c729723d,images/ea97c729723d.jpg,4.0,10,0
ea9ba6661c05,images/ea9ba6661c05.jpg,44.425396,261,2
eab296f2b98d,images/eab296f2b98d.jpg,4.0,228,0
eada47f3a044,images/eada47f3a044.jpg,4.0,10,0
eae74413150e,images/eae74413150e.jpg,32.163341,267,1
eaef9a63b6f8,images/eaef9a63b6f8.jpg,4.0,227,0
eb03f022b08d,images/eb03f022b08d.jpg,47.747842,213,2
eb0655b88183,images/eb0655b88183.jpg,53.843117,182,3
eb079f816c40,images/eb079f816c40.jpg,31.404094,267,1
eb1cd05a8246,images/eb1cd05a8246.jpg,41.075223,205,2
eb2400ed807b,images/eb2400ed807b.jpg,47.78352,268,2
eb255daeb4cb,images/eb255daeb4cb.jpg,47.895442,233,2
eb31c469ba18,images/eb31c469ba18.jpg,50.433723,264,3
eb354d215048,images/eb354d215048.jpg,41.075223,205,2
eb37acea3372,images/eb37acea3372.jpg,58.988917,216,3
eb45e06ef61d,images/eb45e06ef61d.jpg,4.0,252,0
eb4bd34f491a,images/eb4bd34f491a.jpg,61.631575,190,3
eb6614e8fd66,images/eb6614e8fd66.jpg,47.952342,239,2
eb6eb05f7bc7,images/eb6eb05f7bc7.jpg,50.795155,255,3
eb72ab8800f1,images/eb72ab8800f1.jpg,49.752229,10,3
eb7952a48dc1,images/eb7952a48dc1.jpg,46.977614,33,2
eb8361d73051,images/eb8361d73051.jpg,48.31141,248,3
eb8781cb8c57,images/eb8781cb8c57.jpg,28.313807,86,1
eb8e1e5c59f9,images/eb8e1e5c59f9.jpg,66.827561,254,3
eb8f0acb10dc,images/eb8f0acb10dc.jpg,24.291943,86,1
eb962d6a7520,images/eb962d6a7520.jpg,4.0,269,0
ebb3fd9a0860,images/ebb3fd9a0860.jpg,50.433723,264,3
ebc1258f1d24,images/ebc1258f1d24.jpg,4.0,227,0
ebc9db93e1cd,images/ebc9db93e1cd.jpg,50.433723,264,3
ebd640430d6e,images/ebd640430d6e.jpg,47.901863,191,2
ebd71aebf248,images/ebd71aebf248.jpg,27.245549,271,1
ebd93fd79bff,images/ebd93fd79bff.jpg,59.147959,192,3
ebdad214418f,images/ebdad214418f.jpg,4.0,226,0
ebdf40b20a97,images/ebdf40b20a97.jpg,41.776567,262,2
ebf66cd8d63f,images/ebf66cd8d63f.jpg,32.163341,267,1
ebfa16afa5fb,images/ebfa16afa5fb.jpg,32.979939,253,1
ec0c1d548de9,images/ec0c1d548de9.jpg,50.795155,255,3
ec120d1b4f5d,images/ec120d1b4f5d.jpg,4.0,210,0
ec2302634d94,images/ec2302634d94.jpg,46.889748,248,2
ec27442815ed,images/ec27442815ed.jpg,50.795155,255,3
ec2762680240,images/ec2762680240.jpg,4.0,238,0
ec347d2e7930,images/ec347d2e7930.jpg,61.167319,193,3
ec3c358f7d44,images/ec3c358f7d44.jpg,22.504276,10,1
ec3cc7c6a1c4,images/ec3cc7c6a1c4.jpg,61.748616,224,3
ec4664da73fd,images/ec4664da73fd.jpg,41.196435,13,2
ec4f960ee939,images/ec4f960ee939.jpg,4.0,210,0
ec550c050e7e,images/ec550c050e7e.jpg,4.0,194,0
ec6906e73a69,images/ec6906e73a69.jpg,61.692695,258,3
ec7f5d425c35,images/ec7f5d425c35.jpg,4.0,10,0
eca3782da31a,images/eca3782da31a.jpg,4.0,194,0
ecb89ad4c117,images/ecb89ad4c117.jpg,32.308378,267,1
ecbd413f6577,images/ecbd413f6577.jpg,50.795155,255,3
ecc100f600df,images/ecc100f600df.jpg,65.445156,247,3
ecf30ea574ed,images/ecf30ea574ed.jpg,32.163341,267,1
ecf4f00d9bf7,images/ecf4f00d9bf7.jpg,47.731673,195,2
ecf6df428bc5,images/ecf6df428bc5.jpg,4.0,228,0
ed1d159d171f,images/ed1d159d171f.jpg,4.0,238,0
ed4a6cca948f,images/ed4a6cca948f.jpg,47.78352,268,2
ed523fc30004,images/ed523fc30004.jpg,44.126016,261,2
ed5fcb6f1552,images/ed5fcb6f1552.jpg,44.126016,261,2
ed6a2672bc51,images/ed6a2672bc51.jpg,47.952342,239,2
ed7d29bf1fc0,images/ed7d29bf1fc0.jpg,4.0,252,0
ed7f4936af04,images/ed7f4936af04.jpg,50.795155,255,3
ed89fc580313,images/ed89fc580313.jpg,0.0,196,0
ed97bed0b929,images/ed97bed0b929.jpg,61.777617,244,3
ed98872d587c,images/ed98872d587c.jpg,31.909887,197,1
edad2a7bbdba,images/edad2a7bbdba.jpg,53.843117,182,3
edd322e1db4f,images/edd322e1db4f.jpg,32.163341,267,1
edd41c6f4465,images/edd41c6f4465.jpg,61.612268,236,3
edd8224dbeb4,images/edd8224dbeb4.jpg,4.0,198,0
edebbebb2b61,images/edebbebb2b61.jpg,61.692695,258,3
edfe349c4f83,images/edfe349c4f83.jpg,61.019724,132,3
ee037ad85929,images/ee037ad85929.jpg,48.038821,207,3
ee19a65235d8,images/ee19a65235d8.jpg,4.0,227,0
ee2e922fdfec,images/ee2e922fdfec.jpg,47.747842,213,2
ee580d325d0b,images/ee580d325d0b.jpg,0.0,130,0
ee6db5eac5ed,images/ee6db5eac5ed.jpg,32.163341,267,1
ee70372228a3,images/ee70372228a3.jpg,50.426162,199,3
ee7c57b7ab71,images/ee7c57b7ab71.jpg,4.0,200,0
ee805f1566cc,images/ee805f1566cc.jpg,4.0,249,0
ee850cc93dd1,images/ee850cc93dd1.jpg,30.250625,246,1
ee914c173d28,images/ee914c173d28.jpg,52.949495,254,3
ee9cc20724ab,images/ee9cc20724ab.jpg,61.748616,224,3
eea207c10a82,images/eea207c10a82.jpg,0.0,10,0
eea70ec07b7e,images/eea70ec07b7e.jpg,4.0,206,0
eec9aaa438d7,images/eec9aaa438d7.jpg,4.0,227,0
eecbe079871d,images/eecbe079871d.jpg,61.692695,258,3
eecc6706f47d,images/eecc6706f47d.jpg,47.756154,257,2
eefdc2791544,images/eefdc2791544.jpg,53.843117,182,3
eeff20013e31,images/eeff20013e31.jpg,53.570275,259,3
ef0ef3c96156,images/ef0ef3c96156.jpg,53.150213,262,3
ef0f81e0e5b5,images/ef0f81e0e5b5.jpg,42.800832,134,2
ef14fe613d79,images/ef14fe613d79.jpg,50.433723,264,3
ef1baa4e4f83,images/ef1baa4e4f83.jpg,23.451437,237,1
ef30b32e8596,images/ef30b32e8596.jpg,4.0,269,0
ef39d3a7dbd3,images/ef39d3a7dbd3.jpg,4.0,227,0
ef3b5e34dd19,images/ef3b5e34dd19.jpg,32.979939,253,1
ef51ff3915ce,images/ef51ff3915ce.jpg,4.0,210,0
ef807913ef43,images/ef807913ef43.jpg,4.0,201,0
ef8675c34031,images/ef8675c34031.jpg,47.184219,243,2
ef8aeb3d7f1a,images/ef8aeb3d7f1a.jpg,32.163341,267,1
ef8ef511ff7c,images/ef8ef511ff7c.jpg,41.776567,262,2
ef9f8e64cbee,images/ef9f8e64cbee.jpg,47.78352,268,2
efa703eaf6da,images/efa703eaf6da.jpg,49.258997,47,3
efbe7c5aabd7,images/efbe7c5aabd7.jpg,28.0,237,1
efc6fdd847cf,images/efc6fdd847cf.jpg,47.78352,268,2
efc9633b61a6,images/efc9633b61a6.jpg,47.78352,268,2
efccb5458ac9,images/efccb5458ac9.jpg,47.788986,235,2
efce502998e1,images/efce502998e1.jpg,4.0,16,0
efd9806a9602,images/efd9806a9602.jpg,4.0,269,0
efe4635204fd,images/efe4635204fd.jpg,47.642216,202,2
eff167ec70cd,images/eff167ec70cd.jpg,4.0,210,0
f0022fe3fe65,images/f0022fe3fe65.jpg,45.320031,256,2
f020f45dab43,images/f020f45dab43.jpg,4.0,210,0
f02e3535514e,images/f02e3535514e.jpg,33.219347,241,1
f03123585b28,images/f03123585b28.jpg,27.245549,271,1
f05e2c042cd9,images/f05e2c042cd9.jpg,61.692695,258,3
f065224375ca,images/f065224375ca.jpg,61.692695,258,3
f0793f42f28d,images/f0793f42f28d.jpg,65.696047,240,3
f07af5e117fd,images/f07af5e117fd.jpg,4.0,269,0
f08e6fa10f93,images/f08e6fa10f93.jpg,53.208938,242,3
f08ffc66402a,images/f08ffc66402a.jpg,32.163341,267,1
f09b9045bfc4,images/f09b9045bfc4.jpg,50.795155,255,3
f09e49e906f5,images/f09e49e906f5.jpg,61.692695,258,3
f0a44ef36760,images/f0a44ef36760.jpg,4.0,210,0
f0c30ec1280c,images/f0c30ec1280c.jpg,32.163341,267,1
f0df8b29b6fe,images/f0df8b29b6fe.jpg,28.0,1,1
f0e9894bbb81,images/f0e9894bbb81.jpg,50.795155,255,3
f0ebc4414278,images/f0ebc4414278.jpg,59.014794,203,3
f0f50fa428da,images/f0f50fa428da.jpg,50.433723,264,3
f0fc9939f3dd,images/f0fc9939f3dd.jpg,50.795155,255,3
f10ddc3c1efb,images/f10ddc3c1efb.jpg,28.0,204,1
f113255026e8,images/f113255026e8.jpg,41.075223,205,2
f123a18378c4,images/f123a18378c4.jpg,4.0,206,0
f123f6a39256,images/f123f6a39256.jpg,50.433723,264,3
f12d4a5ea02a,images/f12d4a5ea02a.jpg,27.245549,271,1
f13357d84268,images/f13357d84268.jpg,50.433723,264,3
f136eaeca228,images/f136eaeca228.jpg,4.0,218,0
f15419f12af0,images/f15419f12af0.jpg,46.353476,250,2
f15a781682c1,images/f15a781682c1.jpg,30.250625,246,1
f164b3129ece,images/f164b3129ece.jpg,48.038821,207,3
f16633d55347,images/f16633d55347.jpg,50.433723,264,3
f177434592c9,images/f177434592c9.jpg,47.756154,257,2
f1992fd6247d,images/f1992fd6247d.jpg,27.245549,271,1
f1a809c1fd07,images/f1a809c1fd07.jpg,35.660272,208,2
f1affc8a5d44,images/f1affc8a5d44.jpg,50.433723,264,3
f1b640f7ecad,images/f1b640f7ecad.jpg,41.607376,10,2
f1dafa514c88,images/f1dafa514c88.jpg,4.0,209,0
f1dc3c3ccea6,images/f1dc3c3ccea6.jpg,47.788986,235,2
f1e6675a9e1b,images/f1e6675a9e1b.jpg,4.0,210,0
f1e74985b7d1,images/f1e74985b7d1.jpg,61.692695,258,3
f1f0422e6cbb,images/f1f0422e6cbb.jpg,27.245549,271,1
f20a19f2d973,images/f20a19f2d973.jpg,65.445156,247,3
f20d9d981bfb,images/f20d9d981bfb.jpg,0.0,211,0
f221fa18f413,images/f221fa18f413.jpg,47.78352,268,2
f239600b20b8,images/f239600b20b8.jpg,32.163341,267,1
f262950b75d4,images/f262950b75d4.jpg,30.250625,246,1
f26a0b09bc24,images/f26a0b09bc24.jpg,27.246714,232,1
f26b41d0e7b6,images/f26b41d0e7b6.jpg,41.776567,262,2
f272cf152818,images/f272cf152818.jpg,53.208938,242,3
f2829f528d0d,images/f2829f528d0d.jpg,4.0,249,0
f28352354d70,images/f28352354d70.jpg,48.446582,212,3
f299ebb48e91,images/f299ebb48e91.jpg,4.0,10,0
f2b2eb9c85f4,images/f2b2eb9c85f4.jpg,49.610923,264,3
f2ccb0871eb8,images/f2ccb0871eb8.jpg,47.747842,213,2
f2d1daebe68f,images/f2d1daebe68f.jpg,43.565987,10,2
f2d9c08b2423,images/f2d9c08b2423.jpg,61.111068,132,3
f2edeb2d8f4c,images/f2edeb2d8f4c.jpg,47.184219,243,2
f30baff1f638,images/f30baff1f638.jpg,61.679352,241,3
f3214d43c939,images/f3214d43c939.jpg,4.0,252,0
f32608d4f3a1,images/f32608d4f3a1.jpg,53.833817,214,3
f334a3e27add,images/f334a3e27add.jpg,32.163341,267,1
f33d4cc90ec0,images/f33d4cc90ec0.jpg,47.756154,257,2
f33f5ba1b965,images/f33f5ba1b965.jpg,25.467926,86,1
f34a64e7df3a,images/f34a64e7df3a.jpg,49.610923,264,3
f36adabc63c1,images/f36adabc63c1.jpg,0.0,10,0
f36aebaf2f85,images/f36aebaf2f85.jpg,4.0,215,0
f379f1cbca13,images/f379f1cbca13.jpg,32.163341,267,1
f383b0edcd40,images/f383b0edcd40.jpg,60.847692,245,3
f3878c3d5f1b,images/f3878c3d5f1b.jpg,47.378275,248,2
f3929e0696af,images/f3929e0696af.jpg,41.776567,262,2
f393848cced5,images/f393848cced5.jpg,49.610923,264,3
f397bb27d667,images/f397bb27d667.jpg,58.988917,216,3
f39c5723b67e,images/f39c5723b67e.jpg,61.692695,258,3
f3aa8be2ec46,images/f3aa8be2ec46.jpg,53.843117,182,3
f3bd83566d58,images/f3bd83566d58.jpg,4.0,228,0
f3bf14176596,images/f3bf14176596.jpg,66.177195,270,3
f3c5cfb46868,images/f3c5cfb46868.jpg,46.835973,248,2
f3ca7da3b230,images/f3ca7da3b230.jpg,47.788986,235,2
f3d241b2e935,images/f3d241b2e935.jpg,4.0,251,0
f3e31c9b0dac,images/f3e31c9b0dac.jpg,28.0,10,1
f3ed67f155fa,images/f3ed67f155fa.jpg,4.0,227,0
f4042c1c33b0,images/f4042c1c33b0.jpg,65.445156,247,3
f40a9a804cf9,images/f40a9a804cf9.jpg,33.219347,241,1
f420a6c976d2,images/f420a6c976d2.jpg,47.78352,268,2
f4215060d298,images/f4215060d298.jpg,58.859731,217,3
f425476c7d32,images/f425476c7d32.jpg,47.788986,235,2
f425d1cae846,images/f425d1cae846.jpg,46.006276,265,2
f42af7ae8d2f,images/f42af7ae8d2f.jpg,33.219347,241,1
f42dad6d2302,images/f42dad6d2302.jpg,47.78352,268,2
f439df1a7546,images/f439df1a7546.jpg,4.0,218,0
f46964bf97d2,images/f46964bf97d2.jpg,41.18815,219,2
f476599d3d47,images/f476599d3d47.jpg,44.857811,220,2
f481a3e1745d,images/f481a3e1745d.jpg,27.245549,271,1
f486825b49d3,images/f486825b49d3.jpg,33.142999,149,1
f493c78eb831,images/f493c78eb831.jpg,27.246714,232,1
f49ff1755e9c,images/f49ff1755e9c.jpg,44.425396,261,2
f4aba0fdf6af,images/f4aba0fdf6af.jpg,22.658518,10,1
f4bb5a04c832,images/f4bb5a04c832.jpg,47.895442,233,2
f4d75042bce8,images/f4d75042bce8.jpg,48.610049,132,3
f4e474547b40,images/f4e474547b40.jpg,47.78352,268,2
f508da4cc65e,images/f508da4cc65e.jpg,4.0,227,0
f508f2bc0e4a,images/f508f2bc0e4a.jpg,4.0,221,0
f53aae723284,images/f53aae723284.jpg,53.178369,259,3
f546422d105f,images/f546422d105f.jpg,4.0,252,0
f548eddf3544,images/f548eddf3544.jpg,47.770235,222,2
f54f3246236a,images/f54f3246236a.jpg,33.219347,241,1
f5541c0ceb86,images/f5541c0ceb86.jpg,50.696099,83,3
f57e56cd5be7,images/f57e56cd5be7.jpg,66.827561,254,3
f5cd7cc9b1e7,images/f5cd7cc9b1e7.jpg,47.78352,268,2
f5d67d98c78f,images/f5d67d98c78f.jpg,4.0,223,0
f5df0c81abd9,images/f5df0c81abd9.jpg,61.748616,224,3
f6034607dd6b,images/f6034607dd6b.jpg,47.91948,266,2
f603afdc5a0c,images/f603afdc5a0c.jpg,4.0,10,0
f60afdf0114d,images/f60afdf0114d.jpg,0.0,10,0
f60b1e3501f8,images/f60b1e3501f8.jpg,33.219347,241,1
f63ee1d06f2f,images/f63ee1d06f2f.jpg,4.0,225,0
f64edd011cb2,images/f64edd011cb2.jpg,4.0,226,0
f65cbe7431b0,images/f65cbe7431b0.jpg,53.843117,182,3
f66210abde42,images/f66210abde42.jpg,30.250625,246,1
f68bb8a8a096,images/f68bb8a8a096.jpg,61.612268,236,3
f68dda10de60,images/f68dda10de60.jpg,4.0,227,0
f69ff2e0f309,images/f69ff2e0f309.jpg,4.0,143,0
f6a07459ec74,images/f6a07459ec74.jpg,32.163341,267,1
f6a27f858c96,images/f6a27f858c96.jpg,50.433723,264,3
f6b616de67e9,images/f6b616de67e9.jpg,61.692695,258,3
f6da76eba0ea,images/f6da76eba0ea.jpg,4.0,249,0
f6e6b9068abc,images/f6e6b9068abc.jpg,41.776567,262,2
f6f4de0058e1,images/f6f4de0058e1.jpg,32.979939,253,1
f70447a5be0c,images/f70447a5be0c.jpg,61.692695,258,3
f70e2b50d456,images/f70e2b50d456.jpg,27.245549,271,1
f70e37e0f925,images/f70e37e0f925.jpg,32.163341,267,1
f710449bf739,images/f710449bf739.jpg,46.968348,243,2
f710714651db,images/f710714651db.jpg,4.0,269,0
f71bd71b5675,images/f71bd71b5675.jpg,4.0,228,0
f7219d43d1f6,images/f7219d43d1f6.jpg,59.923458,131,3
f72783e76f5c,images/f72783e76f5c.jpg,47.124935,248,2
f72a71a3a63c,images/f72a71a3a63c.jpg,50.795155,255,3
f72f80410d94,images/f72f80410d94.jpg,39.2944,10,2
f756ab3c23f2,images/f756ab3c23f2.jpg,48.050318,229,3
f7688b39998c,images/f7688b39998c.jpg,65.445156,247,3
f76ba02b8380,images/f76ba02b8380.jpg,30.250625,246,1
f77268b403f0,images/f77268b403f0.jpg,4.0,234,0
f78d48bdd4a5,images/f78d48bdd4a5.jpg,50.433723,264,3
f791c3e4bec2,images/f791c3e4bec2.jpg,47.366875,266,2
f7a5b23c71d5,images/f7a5b23c71d5.jpg,53.210447,242,3
f7b69229c27f,images/f7b69229c27f.jpg,50.433723,264,3
f7ea407bdc8c,images/f7ea407bdc8c.jpg,44.751664,256,2
f8057618b598,images/f8057618b598.jpg,50.795155,255,3
f80d02fac549,images/f80d02fac549.jpg,4.0,10,0
f81c0c387edb,images/f81c0c387edb.jpg,4.0,10,0
f821d3db73e5,images/f821d3db73e5.jpg,66.015906,230,3
f8342b408f73,images/f8342b408f73.jpg,26.791377,231,1
f842121086f6,images/f842121086f6.jpg,47.78352,268,2
f86282ce7570,images/f86282ce7570.jpg,27.246714,232,1
f863e80323d0,images/f863e80323d0.jpg,47.895442,233,2
f8764408bd83,images/f8764408bd83.jpg,0.0,187,0
f87b50a34609,images/f87b50a34609.jpg,4.0,234,0
f892c9fc9b49,images/f892c9fc9b49.jpg,4.0,251,0
f8937d0158c4,images/f8937d0158c4.jpg,50.795155,255,3
f8a9214b7854,images/f8a9214b7854.jpg,46.653522,137,2
f8abb9fd09d0,images/f8abb9fd09d0.jpg,47.78352,268,2
f8b22a8d55e6,images/f8b22a8d55e6.jpg,28.0,260,1
f8be400e76cf,images/f8be400e76cf.jpg,47.788986,235,2
f8daa310cd09,images/f8daa310cd09.jpg,52.927974,248,3
f8e643db067d,images/f8e643db067d.jpg,61.612268,236,3
f8efb7968462,images/f8efb7968462.jpg,48.459726,182,3
f8f3b6cf6847,images/f8f3b6cf6847.jpg,32.163341,267,1
f9103c8659ad,images/f9103c8659ad.jpg,47.124935,248,2
f9126f53cb3c,images/f9126f53cb3c.jpg,65.445156,247,3
f9232c2b2df7,images/f9232c2b2df7.jpg,41.999235,10,2
f9616f01e95f,images/f9616f01e95f.jpg,30.34291,237,1
f965e8f8c791,images/f965e8f8c791.jpg,46.927058,248,2
f97037d1bdc7,images/f97037d1bdc7.jpg,4.0,130,0
f98728ecc1c4,images/f98728ecc1c4.jpg,4.0,238,0
f999b328fd21,images/f999b328fd21.jpg,47.952342,239,2
f9a1a7f0cb98,images/f9a1a7f0cb98.jpg,48.194579,230,3
f9f1c29c4562,images/f9f1c29c4562.jpg,47.91948,266,2
f9f9547fe27c,images/f9f9547fe27c.jpg,61.114882,182,3
fa007e31d8bc,images/fa007e31d8bc.jpg,50.795155,255,3
fa2bb7efaf5f,images/fa2bb7efaf5f.jpg,39.990093,10,2
fa3782c7aac2,images/fa3782c7aac2.jpg,47.78352,268,2
fa44da66c430,images/fa44da66c430.jpg,31.404094,267,1
fa45fec235e1,images/fa45fec235e1.jpg,45.320031,256,2
fa5e9e6e8298,images/fa5e9e6e8298.jpg,61.692695,258,3
fa69de3bb1e1,images/fa69de3bb1e1.jpg,4.0,269,0
fa785f0c8087,images/fa785f0c8087.jpg,48.029351,150,3
fa83ea7096c5,images/fa83ea7096c5.jpg,56.934473,101,3
fa973746eef7,images/fa973746eef7.jpg,65.718386,240,3
fab18104ea3d,images/fab18104ea3d.jpg,50.795155,255,3
fab3f021c0a8,images/fab3f021c0a8.jpg,4.0,10,0
fab74abfcc57,images/fab74abfcc57.jpg,52.949495,254,3
fabf5980ba14,images/fabf5980ba14.jpg,0.0,83,0
fac19527b008,images/fac19527b008.jpg,61.679352,241,3
fadaa4a42aaf,images/fadaa4a42aaf.jpg,53.208938,242,3
fadd5c6ed13e,images/fadd5c6ed13e.jpg,47.184219,243,2
fade0504ea0d,images/fade0504ea0d.jpg,58.31403,132,3
faf19cc1bc6a,images/faf19cc1bc6a.jpg,48.029351,150,3
fb0905bec2e0,images/fb0905bec2e0.jpg,27.245549,271,1
fb33f4808be5,images/fb33f4808be5.jpg,32.163341,267,1
fb457ddf011d,images/fb457ddf011d.jpg,50.795155,255,3
fb485f86e202,images/fb485f86e202.jpg,27.245549,271,1
fb5bbb7f61d5,images/fb5bbb7f61d5.jpg,47.184219,243,2
fb63064799ce,images/fb63064799ce.jpg,47.78352,268,2
fb8a05c1bf1d,images/fb8a05c1bf1d.jpg,27.245549,271,1
fb9926f47173,images/fb9926f47173.jpg,47.91948,266,2
fb9fe4d4d9f0,images/fb9fe4d4d9f0.jpg,28.0,260,1
fbb5eddcb1f1,images/fbb5eddcb1f1.jpg,61.777617,244,3
fbba7c946db5,images/fbba7c946db5.jpg,61.692695,258,3
fbc56b22c1a4,images/fbc56b22c1a4.jpg,47.756154,257,2
fbc69841ebeb,images/fbc69841ebeb.jpg,49.129033,124,3
fbdadc3dec7c,images/fbdadc3dec7c.jpg,47.78352,268,2
fbe656240d34,images/fbe656240d34.jpg,41.776567,262,2
fbf3f7df6026,images/fbf3f7df6026.jpg,50.267072,10,3
fbfac76267e5,images/fbfac76267e5.jpg,60.847692,245,3
fbfbb8a3ea10,images/fbfbb8a3ea10.jpg,32.979939,253,1
fbfbc398066b,images/fbfbc398066b.jpg,4.0,269,0
fbfcdc3b5b02,images/fbfcdc3b5b02.jpg,47.756154,257,2
fc323f81f8a5,images/fc323f81f8a5.jpg,30.250625,246,1
fc58e22ff4f0,images/fc58e22ff4f0.jpg,44.126016,261,2
fc606a6b40f0,images/fc606a6b40f0.jpg,47.366875,266,2
fc7d6279ac00,images/fc7d6279ac00.jpg,4.0,10,0
fc9ad9df3a99,images/fc9ad9df3a99.jpg,33.376928,227,1
fca88ae89fd6,images/fca88ae89fd6.jpg,45.320031,256,2
fca8b50c6cdf,images/fca8b50c6cdf.jpg,65.445156,247,3
fcbc6d957e1c,images/fcbc6d957e1c.jpg,47.756154,257,2
fccb2047b4e2,images/fccb2047b4e2.jpg,61.245509,132,3
fcd860972e14,images/fcd860972e14.jpg,53.063204,248,3
fcddce08eebb,images/fcddce08eebb.jpg,44.126016,261,2
fd046de12af4,images/fd046de12af4.jpg,4.0,249,0
fd3046dead7f,images/fd3046dead7f.jpg,48.49544,132,3
fd36ce23fb3f,images/fd36ce23fb3f.jpg,30.093458,10,1
fd36de135182,images/fd36de135182.jpg,46.091598,250,2
fd4abc8616dc,images/fd4abc8616dc.jpg,4.0,251,0
fd68c6c80848,images/fd68c6c80848.jpg,33.219347,241,1
fd6ab680ba5a,images/fd6ab680ba5a.jpg,4.0,252,0
fd8987f204ec,images/fd8987f204ec.jpg,32.979939,253,1
fd912bd4d38c,images/fd912bd4d38c.jpg,41.210245,10,2
fd9ef2d777ea,images/fd9ef2d777ea.jpg,25.832329,260,1
fdb101a548a6,images/fdb101a548a6.jpg,32.979939,253,1
fddca019cc7d,images/fddca019cc7d.jpg,32.163341,267,1
fde727dcf61e,images/fde727dcf61e.jpg,66.827561,254,3
fe3195b3b0e6,images/fe3195b3b0e6.jpg,27.245549,271,1
fe3df9ad74f8,images/fe3df9ad74f8.jpg,50.795155,255,3
fe4683ec52af,images/fe4683ec52af.jpg,46.006276,265,2
fe66e2c63697,images/fe66e2c63697.jpg,45.320031,256,2
fe71e6748bcd,images/fe71e6748bcd.jpg,47.756154,257,2
fe7e574ec29e,images/fe7e574ec29e.jpg,25.467926,86,1
fe7f24981ef8,images/fe7f24981ef8.jpg,44.126016,261,2
fe86a4387502,images/fe86a4387502.jpg,33.219347,241,1
fe959db7c06e,images/fe959db7c06e.jpg,66.910987,34,3
fe9da641b30f,images/fe9da641b30f.jpg,4.0,10,0
fe9df52f4821,images/fe9df52f4821.jpg,31.404094,267,1
fea0d605e1e6,images/fea0d605e1e6.jpg,61.692695,258,3
fea1aa86fef0,images/fea1aa86fef0.jpg,48.101912,137,3
fea21c9e8c5d,images/fea21c9e8c5d.jpg,53.345854,259,3
fec2ae766a57,images/fec2ae766a57.jpg,32.163341,267,1
fecfc22785b9,images/fecfc22785b9.jpg,0.0,118,0
fee5df59680b,images/fee5df59680b.jpg,41.196435,13,2
fefa8ed3be6c,images/fefa8ed3be6c.jpg,46.006276,265,2
ff1794e121a1,images/ff1794e121a1.jpg,28.0,260,1
ff2a7aa5c3cb,images/ff2a7aa5c3cb.jpg,66.177195,270,3
ff2f88ec1e23,images/ff2f88ec1e23.jpg,31.404094,267,1
ff30d0009a74,images/ff30d0009a74.jpg,26.068952,267,1
ff4c1287d835,images/ff4c1287d835.jpg,44.126016,261,2
ff4c15431a78,images/ff4c15431a78.jpg,41.776567,262,2
ff4f97bb4b6c,images/ff4f97bb4b6c.jpg,57.059106,263,3
ff6dcfea10b4,images/ff6dcfea10b4.jpg,50.433723,264,3
ff6f068d9053,images/ff6f068d9053.jpg,46.395266,265,2
ff709ec6d2a7,images/ff709ec6d2a7.jpg,28.0,16,1
ff73ba0bfe8f,images/ff73ba0bfe8f.jpg,66.177195,270,3
ff73c682df55,images/ff73c682df55.jpg,27.245549,271,1
ff828ccb1156,images/ff828ccb1156.jpg,47.91948,266,2
ff84d97faa02,images/ff84d97faa02.jpg,32.163341,267,1
ffae14320173,images/ffae14320173.jpg,47.78352,268,2
ffbf80293ef6,images/ffbf80293ef6.jpg,4.0,269,0
ffd65d63b86b,images/ffd65d63b86b.jpg,66.177195,270,3
ffd6cfd75c3a,images/ffd6cfd75c3a.jpg,27.245549,271,1
ffe02830c2f7,images/ffe02830c2f7.jpg,33.219347,241,1
